Rank,Camera1_Performance,Camera2_Performance,Camera3_Performance,Camera4_Performance,Camera5_Performance,Camera6_Performance
1,30.95376740993564,47.334119351866086,57.25796056585972,25.481140667660394,0.0,35.60992915398612
2,35.22754913169152,36.88189679860212,36.64605399519924,32.82222022671508,0.0,0.0
3,29.87599151932452,42.59950256726033,48.42356023387349,27.452574213024516,0.0,40.40096132154212
4,29.139124222827483,44.56460849131596,43.461156459170766,26.21686341949464,0.0,25.907283063468522
5,36.13399082003964,43.12430305784461,25.24732639540548,21.2449865336948,0.0,27.55369838771348
6,30.397668823730285,22.21068785556048,51.486881500498804,15.433126822602802,35.49468825353927,0.0
7,51.46005187042708,31.2533903763784,36.8312060529638,26.68410635279252,0.0,42.199885082226565
8,32.809589737144,37.476579732979566,46.626125820549525,35.17261324905343,0.0,29.881493893096916
9,39.09830842769648,42.044685239031246,46.77628118125375,42.656987295660805,0.0,52.46429746814256
10,29.03418891749936,42.2947545623356,39.08767081865672,6.820054737825119,0.0,39.00887321298436
11,39.035896700160045,36.893763849590286,46.334555878014115,21.36576576660484,0.0,37.50823530575664
12,43.293346194100494,25.831774912150763,40.782415500781646,26.060860330601525,18.78223393734844,0.0
13,48.971069006682086,34.303282883151205,37.6710125033862,52.40802273171281,0.0,26.11703163480644
14,45.09527059272632,44.71167920191416,21.91097803120864,21.51996749597488,0.0,49.12188269912584
15,46.87657355906712,43.871123323038915,26.935251818949844,26.69085506506172,54.521117048028486,0.0
16,48.51054310225428,55.150185740200605,38.6499713535672,46.82490237103184,0.0,0.0
17,43.62855240923544,39.62701691536312,44.72200281367132,25.31796242422672,0.0,53.25533768035653
18,39.98297117121277,39.525717720450245,50.55488420880621,39.74590037432724,0.0,0.0
19,36.528285988212005,48.38595700487724,35.114881220652194,14.61776912020608,53.321938911670564,43.99752839744357
20,26.254191897950285,45.680086127977724,26.190766758274158,23.97702092157084,0.0,0.0
21,25.12835449888584,29.497204470811,47.1788920936712,36.89866425608856,0.0,58.01124751622972
22,49.61580749250453,53.916162162517125,39.01061381079533,22.01790534008136,0.0,53.62209396795636
23,41.41026327285321,32.99260691659084,40.20211525843425,48.83541794829264,0.0,48.74956963729689
24,52.56468517658737,49.65956748106996,24.6483740665382,26.30099849423036,0.0,47.48590699461652
25,28.121428146633082,30.470235398826002,27.144286235220243,28.584568090314843,0.0,0.0
26,39.84132403824072,35.95930304539064,24.584987990029678,16.79202946024812,0.0,49.46733300455897
27,27.37010645734016,32.50780801012996,40.71403042848236,13.796936957994918,34.97452138115388,0.0
28,37.631116780461085,44.2227883142712,33.445014915286244,24.107177461226282,0.0,0.0
29,42.20030714333697,42.771002769266445,38.39896805783252,31.170085260697043,0.0,49.27349575875636
30,23.5524029359896,47.053393951630845,43.36675322602508,30.84414071956004,0.0,0.0
31,41.749593275566845,43.578115043867086,26.80430734091836,29.20282876959744,0.0,0.0
32,36.1070932528566,37.2400854543608,48.27527051835273,47.14119278101544,0.0,0.0
33,38.45820623332904,53.774410939939955,46.492476699061285,41.02896728856712,0.0,0.0
34,30.926088307666323,17.956702487238204,41.19301738055824,48.43957920195928,0.0,31.054652452699322
35,24.110731047582163,28.472987968948882,36.42199848418808,8.828767796523723,0.0,47.870260537319396
36,50.38209539218108,33.71562156278425,59.80709211360512,21.39798513675108,43.420482406041884,53.81191363936384
37,33.93833289013952,44.0835797718748,57.82407389386055,17.75068540919356,58.02057637254284,0.0
38,35.927204361918726,34.01704332470704,59.03874250416956,23.558738709890562,0.0,0.0
39,47.36560356777445,42.98894731636484,39.842202650689714,31.609777033046004,0.0,43.308148301640124
40,32.773792107690404,50.718015676910724,44.91048485257676,13.08891964186052,0.0,36.989353735120844
41,39.57314453753285,42.830886617388195,43.34864441327672,13.26601013738268,0.0,44.61238301080216
42,37.77896361650021,42.9158677714598,32.570157987549045,14.85679192653244,0.0,41.34776641470244
43,42.219580144422444,35.696466673857365,37.730387109881164,49.28034521430131,0.0,31.228314221808727
44,39.1322563270894,43.269270977680286,39.11549204146048,28.58122657046756,0.0,20.4846887405648
45,25.481996491982606,43.84344094731777,31.48671239385681,28.769925064680642,0.0,30.495292285173925
46,21.183918205415797,35.100876854588726,34.88208639107216,17.22729531461268,26.43773301916788,0.0
47,53.19041353041251,56.305546277897044,34.0996115530578,50.064697930767885,0.0,49.77471239664096
48,43.50009219194728,45.64308209405984,47.6602888783586,22.435333787306316,0.0,0.0
49,45.345665823108,39.80600769405588,34.529632855589846,21.77205976897792,0.0,49.51527576838644
50,34.666119652012405,21.22684013643076,34.21158849843945,38.8953310722424,0.0,0.0
51,37.63775188270132,32.69582580168652,37.2323797162542,46.55323751713968,0.0,0.0
52,39.55786338148892,39.521025603759,49.87561384446564,40.93334074639008,0.0,43.31211671034324
53,36.29405217258604,38.23023318728092,37.43608069532108,38.59000298183292,0.0,0.0
54,51.69547260631029,48.43465746252464,29.46803726993692,29.1022802737476,0.0,37.71808544497313
55,25.196194925025562,29.153516755250365,40.255720616414756,14.90387919762548,46.5975904221268,0.0
56,29.95924765932608,29.940305521417642,45.09705784714224,12.762242111383722,0.0,41.70499440774096
57,27.775726945544605,25.211014201984806,31.349979382089437,10.660087858579802,0.0,45.861734070465005
58,42.990859324869,18.91428423767596,43.23189486140476,46.5797772532546,0.0,0.0
59,46.113183242918645,52.955212164273966,36.800679267307395,40.93503604449196,0.0,0.0
60,24.004730283489156,52.03647232708673,50.21050775678424,22.61249996972812,0.0,0.0
61,38.8571805734874,34.084109538556085,29.210447606940438,25.3386191262248,0.0,43.113158619042004
62,44.603948513357636,30.087445621092478,36.69261180423824,25.8919932113296,0.0,36.057951871536474
63,39.58391254940412,45.62869414582569,29.854562790712478,49.44962686819912,0.0,0.0
64,48.68110930613183,35.42041109466064,53.55730383335355,37.185487347400034,0.0,0.0
65,46.98643847358909,40.602386711856475,41.10826824284988,39.38027412977732,0.0,47.1014326683118
66,33.64539583226272,42.863107272254844,33.31123114959584,22.4805678773782,0.0,46.81929416347096
67,36.50950972713804,40.447743217354834,34.995940441018725,37.8236606803464,0.0,0.0
68,24.716699366219043,25.417606383442358,29.54898225913472,16.119839771336643,48.07535525450161,0.0
69,38.147862734633804,50.30364357472741,43.30020935034945,40.392225009782244,0.0,0.0
70,43.445713842452236,53.74644901419893,45.1061219781008,42.748670325867245,0.0,0.0
71,40.93512458596633,40.80891373260081,43.69280094112264,30.049778636617365,0.0,34.878859633790206
72,32.99084308555568,30.090537736066963,42.56458299716909,31.81201785647548,0.0,41.71701510482249
73,43.723957306045634,42.0907373562492,44.87999374939752,36.69619755614004,0.0,0.0
74,32.145028414644884,23.877919903127722,23.03853074669964,9.1388417243178,0.0,53.42981259180877
75,40.50253255073108,47.19355387734664,40.742676451698486,17.3695672796362,0.0,36.583444537336916
76,45.18323576282124,32.6732800061676,30.24783678593368,21.18913397024584,0.0,59.34655518477901
77,42.068876705041525,44.866957943651684,43.06031069435375,28.81782705413704,34.18972185306324,45.897287072235045
78,28.791577235676648,38.096626015929004,19.89600642401684,15.465596743477361,0.0,38.34888139005644
79,45.01962595319704,30.33647953953108,24.775762307688243,36.879595555888,0.0,0.0
80,41.23873360575192,37.74059739036472,39.14524133346672,21.14745078308712,57.34299217135992,33.66474293690537
81,49.297181765244765,47.278470675836125,32.61108883814112,24.672901657245003,0.0,48.23875444540347
82,31.64878010856964,29.7229570056232,61.65895847388805,35.69044651976632,0.0,50.27895921178852
83,39.75674045380872,41.29881842752424,38.1373399962244,32.277153805046076,0.0,0.0
84,55.38921730358213,39.35592760087812,27.531689621668843,53.965482348606365,0.0,42.95457572918052
85,46.291637316048565,35.447370554278244,48.53980249976247,43.71834946338812,0.0,40.9122810253916
86,54.102534167344885,43.51082433949617,41.3844031447906,38.876998284534196,0.0,39.59833418453525
87,25.6102710060142,38.99274504084216,26.430523798316525,14.84330084038704,0.0,41.87933365219641
88,41.06382567360755,32.906211754477646,25.12726958293924,24.29055279029532,40.55105442286604,0.0
89,40.59698739285925,37.82761880150692,36.31392371726525,38.69640743201329,0.0,0.0
90,21.578468299180837,41.68797327574512,42.560542606620125,9.34552634332756,41.77127649702768,0.0
91,39.24000704319612,32.618096079991524,40.909336662186846,50.80566359813163,0.0,0.0
92,38.810439206663325,28.95108164946012,33.501457794456314,15.28075899677552,0.0,33.178315445193846
93,32.35817084356339,36.76193480655312,30.94712479787556,21.74406118563032,43.428774332205315,0.0
94,25.13500555333124,31.38049649583764,55.23617652099876,26.617542820157404,0.0,41.05660929030568
95,60.538505183908285,48.07962255526744,26.653006087185044,25.806413135800604,0.0,30.946471710553563
96,48.95488650800388,42.508814995166276,26.275396701410525,19.9993353944428,0.0,42.59072564563812
97,44.14558193069457,30.99435810191312,38.20222599330132,21.721841659965165,0.0,38.77979132641792
98,43.86648338076768,48.859184520522206,46.811224745089994,27.21729415787576,0.0,38.01034003734152
99,29.371136903640604,29.072178868893438,35.25452351223508,15.369548633185758,0.0,52.18573631416732
100,52.84688520573009,46.90897903716269,50.38282547464416,51.81789548227748,0.0,0.0
101,31.15422517101356,52.1733538471608,36.40063279192076,16.19592063660208,0.0,18.1117384954668
102,40.110324773015634,20.591749750900917,15.18899470217736,52.25674985063991,0.0,0.0
103,38.28401869416568,21.327862802670683,41.21546954525896,19.46278050739364,0.0,43.12756013874724
104,52.23704895130452,40.621856182483164,48.516302234027,51.25664044737584,0.0,0.0
105,25.224524190356558,49.70899322889301,37.97013143850488,9.0485253690058,0.0,42.12376495234545
106,43.20729482081176,33.2965950408266,39.63079802427176,31.558253101469035,0.0,0.0
107,44.718455638562766,50.490234826140444,45.465644811382404,36.510520239011925,0.0,50.23035367625239
108,28.02619352240364,47.751417391878725,37.1837027190294,7.5092645916358,43.06312198899916,31.144999256569516
109,50.01908464999636,29.82208003405952,40.731966255318,45.923912354718475,0.0,50.78665754057607
110,40.25940689206165,39.881840945610435,37.63687317147868,18.667616422992282,0.0,43.98013829347151
111,49.69180888995473,45.88794583048197,35.48281851411084,40.91997342305756,0.0,0.0
112,44.58904492671888,44.58467687942764,56.25207539370797,26.381229868952122,23.218545922653238,53.68238249909724
113,30.185731323175442,31.35226749123692,43.205658017767,35.17348617905552,0.0,43.535266216204846
114,36.42194385172776,37.179712713915485,44.18259746769624,15.7217664256928,0.0,47.841330813370796
115,39.21840658540956,42.18561209610665,31.99047782200176,15.111473187482083,0.0,33.303960989030315
116,41.93854684449148,51.68971434509836,39.33583924828496,29.517126270416323,30.541925938255922,0.0
117,29.63243607818032,42.9250570437598,37.2645279090048,11.3378505236928,0.0,31.940727369856447
118,41.33403102108304,41.43686794033536,29.611618780443916,19.49279311678008,0.0,34.311477173231644
119,24.652587098440083,48.04315176642188,52.66118200960393,9.22273720419276,55.067744134500515,59.68687827000916
120,39.5782533668754,44.14813755408968,50.3711016041732,39.89963572340032,0.0,48.30737404394765
121,51.28920847543165,43.32799049244288,43.321109208270805,23.323087118190042,0.0,20.132505418873883
122,34.01031046353724,43.839232664362,59.15021721214109,22.36712365641744,34.6052851311338,0.0
123,43.18783774724636,27.77887352286052,25.348412254121683,14.022052259316162,0.0,41.39583631001212
124,40.62297110663612,40.84836607196832,29.261688637910677,19.6378955506236,0.0,53.98198786783076
125,36.50577064959252,37.2167902257312,44.255383131687324,20.12272644711148,33.20079751036928,34.83579915946032
126,32.034936329816844,36.40045003698296,35.94999343139632,32.34925082817396,0.0,54.84245753471536
127,42.02125936627196,46.4529548490822,43.20716805914128,34.455967805125844,0.0,0.0
128,27.419020166228,39.08851880792492,48.16070245428475,44.05809873560368,0.0,46.55648617752604
129,23.46947521192672,34.663731492870596,52.41586869039032,35.72131199342644,0.0,0.0
130,29.52064134050536,32.36101404936228,32.62661280958068,27.35826133311448,0.0,37.152716930631925
131,39.88742034497968,51.134933318656195,28.288477423375518,22.49129806700404,23.348658688675002,30.84213491612256
132,48.82670493839016,40.04524407235296,35.45871619391844,21.74916021822404,28.649341140409035,48.36315157878104
133,44.9426904541538,44.11384924801384,38.41774507315344,22.465776904150005,0.0,39.25369237332656
134,51.019487614946726,38.54149710058364,40.30653784846764,26.8923486658384,0.0,42.901418009082526
135,35.23442238680052,35.44726856854208,29.43117224487664,24.46148157675076,0.0,0.0
136,21.196372011874843,59.898128447604684,30.955549617112567,7.885403489559881,0.0,43.11323783494972
137,35.890599175700885,39.18413826025172,29.00797435237976,37.86538580191572,0.0,38.153582901527884
138,39.586962711566365,37.17830896017696,39.25617060184272,25.274944972330402,0.0,0.0
139,37.6386242348172,38.40518479347852,38.06938376685724,16.9685109825924,41.22792378958464,42.98737147508816
140,37.337966099757764,46.824796107098166,27.058092830407766,21.093178008591725,0.0,56.65869861010564
141,29.457795117097962,34.77409291081533,50.431599825293546,37.685092072004764,0.0,29.324454915316522
142,45.442023426629284,52.52434303859521,49.93906873168142,17.39803166995172,0.0,34.6467631000322
143,52.33749497966236,40.83492256083904,36.557803948513765,30.249391657049724,0.0,29.944891978945243
144,37.821364985681114,42.219340204496326,39.306370835337724,18.81224396430772,0.0,33.37891602937568
145,34.20616126284968,40.62806345612532,44.57991159933384,10.070127600396162,27.640316365086843,0.0
146,30.193655063087522,45.90373681010824,44.44725866289813,22.012292441402124,31.63480047963424,50.8907695007206
147,48.507410244375365,38.41464111905128,52.855661748367645,24.760773171282445,0.0,52.03871642431448
148,43.59671096736568,40.73144016016735,41.53071429916129,51.46599179181388,0.0,34.443817102984795
149,40.53920593562004,36.419552036253684,40.249391352437605,49.68618743061184,0.0,0.0
150,20.88497455092428,33.73054675688864,43.72634448141039,30.455200291925838,0.0,29.573294887524206
151,30.46722560944344,42.68009473843548,42.516667332256795,43.63042161569768,0.0,0.0
152,37.53222837009108,53.87483564990876,44.43387749761256,31.751922449741244,0.0,0.0
153,41.41958883800972,37.99419359708984,32.05434168732364,22.21988758722272,0.0,37.24768380419132
154,49.26219380321136,45.073799125531366,47.837620151200845,26.3275349692148,0.0,41.3462601735364
155,45.64814137515797,40.947968881445604,41.39210909509384,38.54151579593088,0.0,52.64599309726604
156,35.533215344537275,49.37458976087568,52.72119801116073,21.97774309659516,27.18918020942544,0.0
157,36.5859515156526,48.78290557411464,38.95073489645284,27.3317288391278,0.0,43.00868841165748
158,43.9807098012286,42.987764149425644,43.70599640073724,25.31697830005868,0.0,44.0410055608224
159,35.84575722724036,44.04452120793536,45.42637917042832,45.30557493732244,0.0,42.63668314753488
160,28.761848382574318,35.96308407975569,42.608947091997884,8.617108946547642,0.0,36.40435927635676
161,37.849573719905564,42.93467102683888,24.074559266420074,29.239767193931282,0.0,44.10491728795669
162,33.809460553992366,34.3139769435276,46.59698818829393,37.7636770490336,0.0,0.0
163,25.38135676979396,21.987579129062162,35.120665631630715,31.39797040872644,0.0,43.970417155440764
164,31.592673840102805,46.82910947975108,49.84054467373624,35.58701000669444,0.0,0.0
165,38.218657740062,36.868225134362206,25.514754345865796,16.1098736565766,0.0,39.64394405749753
166,45.348138133230734,32.59655788397796,55.268380551311715,51.927813119149,0.0,48.68023812439376
167,61.71414073467373,50.777729256735526,43.55567314135044,51.159419209527925,0.0,43.21286437618408
168,39.59942516607868,50.21710800461252,38.86533493084341,21.21621365053692,0.0,36.517366678242844
169,35.848308918736485,45.471583967348316,34.88200243291013,29.02156270981472,0.0,41.379335314949444
170,48.58300890183632,42.21779997934876,31.528995892055324,45.693663976096914,0.0,33.747904784017926
171,39.25503922937492,34.1342727425388,40.061472625422326,42.47281270157936,0.0,36.79088540835488
172,47.99675356575781,55.84263087581949,36.5208447592692,29.77439374845624,0.0,42.943416154141076
173,51.55646917284653,47.06243648402304,36.6383254644454,27.717773456426002,0.0,26.675239802233964
174,37.26292429719348,56.3087703067118,44.86835955875993,24.37933216662256,0.0,0.0
175,36.76756719791264,41.08518746835236,45.75007263627005,16.85059131064024,0.0,33.06899574116532
176,33.514787608760244,43.99578594522197,27.327753508804122,39.09100179272757,0.0,0.0
177,45.22789911759748,36.39712539552584,28.642149764110727,20.933021946316284,0.0,41.88464550736768
178,40.6071210406314,43.46613644954028,33.02116688917872,15.93416306878616,0.0,41.61914888576151
179,47.25467258393361,46.28511981878924,33.54766861642352,53.27137878585005,0.0,0.0
180,41.34093995608921,44.212364537226684,37.397590255462404,37.82314270066488,0.0,49.93374223824024
181,43.16100139539204,44.54377955482868,32.80519579508789,17.21261522710812,0.0,39.30069832122628
182,44.96384916304648,51.41640490715188,43.37926110932793,42.1689249584608,0.0,39.80664763482184
183,33.08619905376968,41.89223540465444,40.35398947741236,16.43623103600564,0.0,40.3813472573558
184,44.177202221425006,46.73052239027192,35.37381628750412,37.58633607673264,0.0,36.17865303480513
185,50.27267093635992,20.28494451477204,30.049676459255803,18.188253328897442,0.0,40.02962564593008
186,47.17352104667736,47.97465661769852,46.651882056194324,31.225255951788156,0.0,34.67471109641296
187,38.06598423594092,40.74987930876037,26.354796714843364,39.35953100553216,0.0,51.906568672465326
188,41.93419021862284,40.657950168792524,36.052384070855844,15.57588536992508,0.0,47.83502660321828
189,30.208792142286043,32.77204255048704,42.96736718207808,25.38752779190644,0.0,0.0
190,32.0858531242852,44.069285279942726,34.260005632940235,15.02728270892632,0.0,45.40964623034141
191,43.17039218963648,39.82874762404216,46.69260512638656,32.6225985219256,0.0,45.339659916461436
192,39.822756280368964,40.10610837337348,40.86392353924316,18.09894470296972,29.856145765767884,37.11101507240353
193,43.7739684858158,29.952622088276836,49.780261681439676,15.31750241384372,0.0,42.49398864805448
194,37.07863319035736,41.821105204531605,21.46982774623272,25.2857654832912,0.0,36.9959348487406
195,46.53845456881708,50.501020942668085,60.63674257743661,39.71512378581976,0.0,51.55336385542596
196,42.25258071227989,54.236528133497366,32.484528086145204,28.11192494658136,0.0,40.81233732729277
197,34.22663874057052,58.672180154908204,40.50585110107248,22.426611139072882,0.0,33.89165286008205
198,48.90718457712936,44.44675056800445,31.467000229567244,40.911467410259874,0.0,0.0
199,25.7312055221036,53.65561135713096,47.70033117069884,33.9346731361544,0.0,39.98518627638804
200,30.19504587561692,47.664664443749075,49.827638881764756,13.17300549197872,0.0,42.01507161889544
201,40.65585281358572,36.913790453101726,45.588500525733075,18.45938781088588,0.0,43.323495556211164
202,38.1952188911012,49.337695331231764,44.53954390267219,38.58917762552792,0.0,50.19420881409036
203,43.594473596628205,27.86374290425612,43.37566537379728,21.23798619225436,0.0,53.92666180940613
204,49.596069658573285,44.20242677544925,44.47379302145964,50.11503400727032,0.0,44.44943516173949
205,37.00659219440232,35.73716631643137,51.0978064059372,21.336737075675202,0.0,29.650212629464402
206,28.567241426340516,36.62601141654612,36.91038254641844,13.72582117300748,0.0,43.026191788608244
207,37.47496277327488,49.1995307514176,45.870502368232565,18.083674222765723,0.0,41.95423408287384
208,58.498212716517564,52.00524117149228,54.34055750418516,48.233586832434966,0.0,38.08153529723668
209,44.932708406034,42.657975056574,36.33161036339432,26.9390341390458,43.471761845760724,52.70513251063345
210,32.77652353825564,39.37627436081968,44.22709812334668,11.38758035723408,46.380309762592084,0.0
211,38.25531295182384,28.093492747251364,44.06031894101456,23.84675162838008,28.280018877261238,37.47008358945488
212,27.776636311151037,39.36212853866524,41.02622641299856,13.253532024924281,32.85821362069484,0.0
213,33.692541407952724,64.3096495508936,48.418445419406964,38.77502354003949,0.0,0.0
214,24.73746818656856,38.94091181057748,43.58032350818664,29.749919175808405,0.0,37.153775603991
215,32.41953143224748,51.824277551712925,48.02746024810056,41.64656948770764,0.0,0.0
216,25.51255525528944,41.2269356394978,27.074482106007036,17.73278350070504,0.0,40.35032526442584
217,43.56418732442736,40.58671748963125,34.50097804753505,49.020612118046,0.0,38.18378398432548
218,46.50503778393008,47.393179870726044,32.0721164287592,49.62339866150016,0.0,0.0
219,25.37944283865788,42.73596370161344,48.81804473086868,26.25488946541012,0.0,0.0
220,33.570659651447,29.402020609398523,46.48992668331,24.163737749310922,0.0,45.5798088815764
221,30.459544950269922,47.183100636445204,35.77210611935576,32.68672201234632,0.0,35.82060855003428
222,25.932090116823204,33.428573050596,54.237226812961566,29.76075759845668,0.0,39.407299403580275
223,49.981220431555364,35.46061094527264,24.229236458810483,25.02730556460952,0.0,38.22286072548356
224,37.556246758762605,52.59478193334536,37.209805595434716,38.343988478339405,0.0,59.593409187804646
225,40.81434753785677,43.220478583254,43.14696956467948,16.92570726845524,0.0,39.481560644714406
226,28.672597023886322,39.48637322024145,30.203167436033564,22.061998392567837,0.0,0.0
227,31.682816199906483,32.24232199588029,33.084344146492406,15.286950731055121,0.0,43.36763009354673
228,40.93337476721761,49.92502998283464,39.07696129435769,12.487263671274201,0.0,50.71509996824324
229,38.9493014701666,27.35658888143908,28.817525147715685,38.37610783386361,0.0,0.0
230,36.3493608176396,49.212931012581606,40.56201748458372,26.351326887269238,38.9761066331062,40.567967417566805
231,40.0640823180016,15.998770238792881,26.73809802305756,21.74658878815208,0.0,52.23346367594965
232,38.02064152999876,29.193456835547636,43.77145777475208,21.87327739061828,0.0,56.43571102128588
233,42.95194064629469,29.197591854184164,41.199128937983126,42.6249911835268,0.0,37.96066321509996
234,55.520376046076805,37.2344604103608,39.55959056290804,58.14530111059541,0.0,45.85134058279056
235,31.641256521907003,25.752415516477683,40.293531602196566,18.07854432953524,27.44413263386584,0.0
236,56.06129750426236,37.70052974885768,40.82627256918988,45.57848082529952,0.0,0.0
237,49.106998363431885,39.12301126803612,29.585681862393322,27.474712169428443,0.0,43.1009212559656
238,46.081755684739676,44.94899296004964,42.03067648654236,31.420537257037395,0.0,0.0
239,37.54915322001285,39.21322303933088,35.78159185181025,43.29914356073365,0.0,48.53267890209444
240,23.825580385747198,47.97319394882936,38.8918245312852,32.45695610227356,0.0,23.628806864916402
241,46.217265467366474,50.818234964059236,37.636576711779476,51.681926531104274,0.0,45.7068407732772
242,35.06401104831916,51.6609114805878,33.211736257846525,24.01291040137096,0.0,35.18094259063784
243,31.403289955494078,45.446818712295524,47.36985588740916,35.76692163631652,0.0,53.59842237226549
244,42.74477744026184,38.341964942771,36.298948896835,38.719969289140685,0.0,0.0
245,37.86144522870592,38.81157313151144,42.079416019412925,26.29169884662036,0.0,0.0
246,49.111660065615006,44.01704405045144,40.99988205490892,38.93798173857328,0.0,37.42667673515924
247,37.02097806625705,40.168554566797724,42.27266335179901,26.210135840756998,0.0,31.715098472080527
248,33.959270505893,50.8973934651116,42.78357060076604,19.276633846849965,0.0,36.1914452126438
249,44.37324294074691,46.451833904532684,45.46858694462196,42.37986735552036,0.0,0.0
250,33.353172524084925,32.06720727166952,44.066094310903125,38.230044663559646,0.0,0.0
251,29.131389428643516,31.2552904856306,37.35622954782888,29.87095985133908,0.0,44.74687858731324
252,42.67267332798768,36.194803969787756,49.46874027647999,12.496229365280282,31.9708949512026,0.0
253,48.09209695187773,29.660488596891767,42.748834210080766,32.768599395516965,0.0,46.31089545040384
254,37.539248202964245,34.6071013592252,42.851024703129234,25.823412264165484,28.279375782558763,0.0
255,32.5997147772442,47.69426582423648,56.325742536432564,16.901978862070884,0.0,42.51001863115796
256,21.256829961916118,34.261817781475,44.03212177809972,13.31361103220968,35.3192749235254,0.0
257,56.28218989217588,32.73858065796884,38.192498191750126,25.95480354120896,24.64822616602224,0.0
258,40.58475559033564,27.268242420205326,40.7858043847894,55.570737445770725,0.0,0.0
259,28.27113266922584,51.61930695009356,37.62406751001528,14.93389470049212,0.0,32.97455242537588
260,34.33701137774252,39.84933251722532,34.60566853798076,49.22620604510784,0.0,0.0
261,35.24681052267169,29.679747167184967,51.32144484647239,36.96976486767912,0.0,26.265051807608003
262,45.76324827894417,41.0805475114836,39.1260270268586,24.73408021733288,0.0,47.52096195877116
263,50.1304669700736,45.76991237462568,25.451435944538243,29.22889196904228,0.0,50.6121374857434
264,30.353018142469846,32.06478901397176,40.383495330158844,9.52443691475596,0.0,36.9566390027742
265,38.086749223038716,28.820262080030883,46.06069557254528,41.21784327768108,0.0,48.74715687635264
266,35.12725555293484,38.33233670931472,49.231391766359565,30.91644811727612,0.0,0.0
267,37.67610932513068,37.33572567568957,33.84898755524179,25.24683370252852,0.0,42.652202877845205
268,48.721047819318116,29.92558770382888,45.24501696661968,21.57499930435064,38.108222925815284,0.0
269,50.400200858782455,36.74217242472304,33.239836083680764,23.732340122238284,0.0,48.04567287185848
270,48.44732084592308,26.897316994794885,43.606291792683685,24.485981743706724,0.0,51.59961335697396
271,28.279156849328324,39.111052336561,33.74277513960952,36.117295592161646,0.0,0.0
272,33.60090144799764,39.83431718347445,47.51160307228041,48.045752348768325,0.0,0.0
273,40.135193993592566,63.17066171273969,51.831799931286284,25.297674378951445,0.0,40.183812784409476
274,34.84916245195796,35.004456470985645,44.1538461651408,33.13230431574116,0.0,0.0
275,56.678887215429086,45.68683295125568,33.08343943903724,52.25603918779892,0.0,39.074216185905684
276,49.8473531913086,46.701074573130086,43.80198813005704,31.20367289767536,54.2320392889024,0.0
277,34.38687989008224,37.11669849313153,25.232913209117523,39.47171856599692,0.0,0.0
278,38.03023541685613,47.9983101285688,38.016505141237765,19.955210354097964,35.39879477463652,0.0
279,47.07909347666596,35.4380212792186,33.66046177278428,25.09719966947624,0.0,31.842566609190122
280,39.94886449327432,24.252665453395164,31.82655761901696,11.023977625462122,0.0,34.3131079892086
281,38.95489029343741,26.568902199603883,42.124960114646,36.40265619484124,0.0,31.257079828019087
282,31.80327612100816,36.68282648839796,35.881223255050244,12.41147332036828,0.0,57.93667972413223
283,39.184709905978444,42.16961398845784,38.881002464514204,19.560136953339004,0.0,49.75753185241037
284,52.29651236420953,33.38085377100868,44.108345497272005,57.60971034591213,0.0,46.34891183685729
285,30.580294784121488,50.568493621889765,39.86592547288528,20.702223329439125,0.0,42.17650831438312
286,44.87488024218392,35.41131651284464,45.832468008939934,32.25054046447484,0.0,0.0
287,32.28984068397832,45.10001381935513,45.65820831613232,48.22568148611936,0.0,0.0
288,47.248870243779564,36.54914621615876,41.892770670655324,25.89878803777856,0.0,53.444710959577236
289,39.5827861817972,43.25232920625544,37.69177826869,28.5426149421166,0.0,0.0
290,43.877743225072486,44.57197658282052,49.08859331529855,18.83361961319516,0.0,46.622466855312965
291,26.34393003450912,47.26663525818,33.4354475471092,26.885549598583005,0.0,46.773208972744044
292,48.48859618670512,46.521173301995006,26.440920687174607,41.410399351714716,0.0,0.0
293,37.853108142356,41.23508525072484,43.39015929520444,41.343741093089044,0.0,50.07709889838712
294,26.20295465725604,50.62506897561605,39.33298580575544,21.9699299251782,0.0,47.10468528615668
295,30.08523398641464,39.05186050404576,31.239493553503237,36.45424972126384,0.0,58.15644242983773
296,27.04280051409852,40.92605452387904,46.48325368105416,29.28490404269976,0.0,0.0
297,44.961005317521284,63.21360659697668,38.91290079311024,54.463076758522,0.0,50.18887247010216
298,43.921351879251965,38.38078078814509,35.402927938928364,43.845504446597005,0.0,0.0
299,34.50755441198816,44.266753049264445,37.6871253049414,19.36415260010832,0.0,35.94737909086952
300,38.51199821599869,40.23038564435997,29.753404003505846,14.82202048054256,40.2829825905454,37.240882308701124
301,39.183676057351846,43.57447087869708,37.4206989939174,42.354068328942965,0.0,41.37274141898968
302,46.12706755292276,45.365270005349885,46.34569457135156,48.664896837746795,0.0,0.0
303,38.75294827894716,49.627518294291114,33.12082835390676,23.23980632287124,58.71170940797088,39.25135737488644
304,44.28499259243272,40.87483476376524,31.306063159436516,18.65049959558708,0.0,57.139733223038604
305,20.032658956728643,44.490134787477245,39.10594505314372,36.530345465193165,0.0,0.0
306,40.746378559742524,47.063238895357486,44.34936289103324,41.19965391413321,0.0,56.72653936000272
307,46.01901097250736,43.95497804103648,59.08318038982247,40.67033300770428,0.0,54.131429527127835
308,19.58594226093436,42.724624450770605,39.206092294018276,20.79644678803944,0.0,0.0
309,29.15837818658452,48.261546218451954,47.38573885621341,16.76181487862928,53.40180013767324,0.0
310,37.80622308065512,36.152536296140156,43.52199883144756,34.54901322059,0.0,0.0
311,48.539848967570364,43.41935259971864,24.97238868348644,47.837707989857556,0.0,51.596223895748764
312,43.51749511665353,47.2585665528388,38.756920210126324,20.52342520497788,0.0,42.966709956126
313,46.12938468798892,51.239833716391125,33.394393332026596,49.625713949509674,0.0,35.208197740402724
314,35.92350458588861,32.283905942578684,20.078057113369557,17.558431737059564,0.0,57.1978958141806
315,46.970242236145445,22.200512450753923,34.718710668549,21.822143907597244,0.0,51.33798582139032
316,53.256184186095325,33.03958645102713,26.277426995677644,27.79046837254932,0.0,46.222495839351964
317,41.71461173517388,35.471137965151875,23.9198925789908,28.131851996942764,0.0,28.55355792238532
318,48.252086320196206,61.9388184862536,33.54073222212452,44.39758780926556,0.0,40.68574378461044
319,31.658754822025763,57.739566715419365,42.42099399708812,30.098464415103642,0.0,48.525451003245124
320,58.91571206257352,40.07262250341108,36.411083323099035,43.84923784276056,0.0,45.46269298913288
321,30.29675667099428,43.17522274083904,47.352836750039714,24.1609558905684,0.0,44.7547368561314
322,41.48917602763408,46.63737319978452,36.04813733231359,22.36951988660308,43.88509955319277,42.27030799068032
323,39.3013992608946,44.70768185148373,38.44102386407268,45.099361858886,0.0,0.0
324,42.368721939788486,28.8494053360486,24.5622690874906,19.956561414475924,0.0,40.050850727521244
325,40.945021378976364,36.08056787683236,42.50222728292544,22.533064353484484,0.0,34.37056346732436
326,32.11519033810268,40.770547605236004,41.67675776292113,40.27380919048292,0.0,0.0
327,41.245081128564756,38.17900303776113,45.917338289592166,50.395963497359645,0.0,44.696708375336804
328,41.420974119837524,37.93067538100924,22.064513680081923,12.8577091282842,0.0,49.226259961427445
329,53.57085341664756,36.52831791102124,41.304283977971004,30.416746127146844,0.0,51.057540675099645
330,48.59863608621668,40.50436395594868,31.806535931890245,49.658982240704795,0.0,35.986548159727846
331,39.42123813682681,41.454692409753356,43.76050188040145,37.02143714568228,0.0,0.0
332,28.308881496588878,38.33215770317825,52.31887427269639,26.002808684525203,0.0,0.0
333,40.207128903848165,41.643505234615475,35.73974118410872,28.680637347221882,0.0,0.0
334,37.187999539088686,40.630776402091925,39.3976348036838,10.852039344496362,0.0,46.08989885036816
335,54.61025705715904,28.856287247166478,40.036436003275966,42.852224410015836,0.0,30.061407515808042
336,53.62697949372661,49.79321525769932,42.6621461725198,43.73928641152648,0.0,34.34927507299012
337,54.81799700975613,32.95090690784876,30.781519101126797,52.43386637459573,0.0,0.0
338,31.357272650279842,32.1997286666252,24.667719473166564,7.713336155771361,0.0,40.20013556680156
339,36.06248861599548,30.651866568900683,27.015721829043045,13.184192407026602,48.04091569657803,0.0
340,41.88960670853065,19.0249724787704,34.61296015839091,32.853438981416886,0.0,30.63953719860536
341,31.791819974935322,42.349140044839196,39.3414241632154,37.541085849286084,0.0,0.0
342,15.364526799041833,39.50228291338488,38.07522912938676,28.7812489370704,0.0,0.0
343,38.916213974817445,25.631753367976884,29.067285277518085,26.58968045705432,0.0,41.836360509980565
344,48.162501716122996,35.098001851219564,32.3355691368844,43.38610989346212,0.0,0.0
345,58.89845115165669,36.43905250599252,39.432402379845676,45.596699406922035,0.0,32.394120145138366
346,35.39280198619736,44.60309138076708,39.32439846795717,42.35111890569324,0.0,41.211726378800485
347,35.2421393766118,50.56640359126312,36.181088748648996,22.08224158049104,52.8248079349228,31.35072959564752
348,23.830345753366323,23.79154713657436,46.42470354254744,8.99267830366684,0.0,27.364186052606275
349,55.735850601372405,38.71891337950952,43.99613784383624,27.01940950786912,0.0,49.886063059968436
350,43.5798755246238,32.550405902627205,56.0131878779458,12.969140756012163,0.0,37.456488718781564
351,43.26376358378188,24.12085857512088,39.27798487717116,27.58923929984876,0.0,38.23593325638504
352,31.36190767315336,41.25259755394932,47.196181673754566,37.85751497435928,0.0,0.0
353,41.80879544782945,54.75067698688116,41.52178903115152,40.425392063604406,0.0,35.34222187303925
354,51.09017281139161,27.73060400697256,54.286082815429594,26.19193852351328,0.0,33.44462192623552
355,41.01002799915152,28.78819897665112,37.95271499263648,29.551454716544157,0.0,0.0
356,56.72293236256591,41.68991844082712,52.28624345890016,49.54672282601085,0.0,0.0
357,38.69220919650204,52.713472431099206,33.61950299532423,51.357533681433075,0.0,41.61046309384056
358,36.68928007323588,32.7908660477506,46.81261568559784,20.80601062651676,39.757838504652845,0.0
359,37.33226260981868,30.505653548049082,29.429791664768125,32.8830735373422,0.0,0.0
360,62.694927437551364,51.5868187451316,34.4199740197796,40.216160311683794,0.0,39.94563470941348
361,47.30280415146832,48.77545530885412,38.18421703434472,15.434837001689322,39.80315883910016,0.0
362,53.44270316408944,41.584538875339405,39.03447115169328,34.057941809664996,0.0,38.98840924346516
363,26.55568490091584,37.53522063850768,52.82123312450524,17.4259208585048,42.6711993053366,0.0
364,37.44178474832136,31.540724612913085,48.39133627918321,42.270101727594636,0.0,0.0
365,50.11509728358816,35.752740742014446,29.083458553544684,37.86533073360469,0.0,43.515185363161926
366,38.87144554402952,32.82953376011784,46.70053356974464,50.20826650597492,0.0,41.427825711975565
367,40.09460982437169,40.18394181384313,35.28421678796944,42.6329365677688,0.0,40.00859979467969
368,32.81830032293456,40.48444403764289,50.51030446675896,20.648006415081362,33.774879128553245,44.24015816118057
369,48.52288196478381,45.215896893745324,39.06065335000372,27.0474434302862,0.0,20.322824556113282
370,38.947540404158644,43.274994735003084,52.48433278518281,19.660328938048764,0.0,44.22485345256288
371,34.406739953960965,36.0201839290526,29.19630115547452,25.827972620819523,43.744637595932,43.93635740452797
372,45.78657609035896,33.9387312749026,44.87945090999048,36.503736379001204,0.0,45.406175614101045
373,43.031927743262244,35.7023609117632,43.64903087847476,36.67752476400656,0.0,38.26161552593504
374,42.67348692335416,55.097919740889246,59.39411340691627,34.884432452735126,0.0,48.345399864228966
375,40.27326112962528,43.70609222382985,46.65703786228128,35.09666275684155,0.0,0.0
376,33.94856234849444,31.0583252349182,43.040493216797195,25.869870547357284,0.0,46.31501157405836
377,29.547470920348516,49.91112812529428,45.58540154475945,35.68733586151552,0.0,0.0
378,39.88354757162272,29.04273048109304,25.69993643425556,37.9496726997626,0.0,0.0
379,44.018875953720006,33.27978572928192,44.2555171655428,25.327907946825963,0.0,50.03457804370364
380,41.399576488251675,46.76721162594292,37.51800797784468,40.796186088207875,0.0,40.26960691642484
381,40.60480845459756,32.697891604180164,51.216898073605435,44.49055859742904,0.0,0.0
382,23.42188551475764,45.36810440790004,31.40641823096484,14.72106051223796,0.0,33.7608064728812
383,38.71772651601532,33.47858754063232,42.956114845855765,19.75683330086956,35.74456504362588,22.69261902110184
384,48.75547934626604,41.42881857458132,45.3264972242332,27.088860376566963,50.38026292475235,0.0
385,39.523056571425634,43.71466947663096,37.07945974475016,41.608602278548,0.0,0.0
386,48.97385005983611,30.96987351796564,41.993719003269526,31.628663688735276,0.0,0.0
387,42.073567593130555,38.3104193152514,49.6755426266934,44.80850102227928,0.0,0.0
388,31.76784374194712,39.031477537312405,35.198979805724086,36.233072345570086,0.0,0.0
389,39.371841595670084,51.6318147699464,41.45108205969772,39.31324814439208,0.0,35.0846039674684
390,29.711085266867443,39.36096578296985,48.59579500357732,36.320346667771084,0.0,32.188120312820324
391,53.657044967546284,44.12284639705452,30.81816027129968,26.63011071937016,0.0,39.49881685366896
392,47.773930535307244,39.34702660402853,40.655237210184964,24.810872179144482,0.0,32.479663251523085
393,38.89290158914972,24.49817882873792,35.33224536671672,17.92010625156476,0.0,33.761762831168916
394,44.61307542325832,47.12188526891328,45.849744871780004,51.49364792198988,0.0,0.0
395,36.237288555569194,37.44945828377539,36.2849119329788,51.78106894145144,0.0,0.0
396,32.27905186937552,40.29151904861492,42.041333219250966,36.16009049750132,0.0,54.2456713060818
397,42.473107028358605,39.09648751305737,46.44868192472616,36.58898247782064,0.0,0.0
398,41.76029074508436,28.704779301728323,33.84182599420912,22.46358573679748,0.0,43.83053255067456
399,35.45045432361233,42.45792852990205,33.8157434875086,19.32628550948804,39.62389687026228,37.73765510101468
400,36.05034350455452,34.246858310569,41.28272238895819,20.7876853848284,0.0,36.748879176074404
401,46.19069085926873,29.02836332739668,33.30245990292012,39.932660223790286,0.0,52.8973397223598
402,44.91579890619292,30.255327676997684,38.5149205842654,35.443618226979076,0.0,0.0
403,60.765003196887356,35.063654470618964,26.432378414648316,32.71920924222696,0.0,47.72857955331808
404,38.578509037007365,56.62511157917096,38.162707545491756,16.29752377645108,0.0,45.659345308378526
405,56.96229730506624,52.708787182671,17.311816113012124,35.37392513264444,0.0,38.92490471489785
406,40.56715143546824,24.71981149293488,38.02009673637644,24.77463814721616,37.72731499614416,46.0293305056502
407,50.12722136115965,43.891516225298396,38.33241779305348,46.045523362484644,0.0,0.0
408,46.276111999045874,41.421818697891,29.168848333453116,27.27721618436092,0.0,50.511254079573874
409,38.229799353286644,45.92526828111128,51.75540626338524,12.968780790889681,0.0,41.24210577266329
410,32.43547691275588,36.46918668378088,48.15954132852792,31.75894817779552,0.0,32.792185190465325
411,44.797590026689846,32.8290851946646,42.10407240842056,15.360768114211282,38.144894505070795,42.27251929081912
412,30.29997497729116,28.653943964735884,38.10556555688432,37.66429522272547,0.0,23.97816060302864
413,41.027663578771964,32.63273611534473,19.6316821565494,27.466912627821884,0.0,24.04740079167936
414,25.476004000598486,33.76169319261532,26.60304144109996,14.84928378020448,0.0,60.534701026639645
415,37.466927932112604,39.28742913612884,35.281205223640555,32.84901966585036,0.0,45.13944798205164
416,33.67558207464704,27.185871025740084,58.54955613857072,9.94273060678716,0.0,42.51197013288088
417,46.93529735413176,53.90017547841528,39.220063956085966,16.018748815498963,0.0,33.84662455603152
418,37.10442267439241,40.60850115776201,49.532538631227716,33.899082033800966,0.0,35.28466592330092
419,39.55539456784576,44.042970144362755,37.243968226955005,40.34791225814152,0.0,0.0
420,25.448758617951917,46.84080290010252,34.69029361538448,40.63580186855156,0.0,0.0
421,47.213835161575204,36.11442907305652,45.591905187130244,23.660241130120763,0.0,60.80585285950719
422,39.3592291166094,35.14637575531976,41.215791944448796,26.86288501955316,33.987619810637796,54.37879358333628
423,37.7617305317038,39.96598108085424,28.558498240563278,31.0221103543874,0.0,42.019663721566005
424,42.92930349011523,39.043798916500286,51.0253283555504,30.690304479080645,0.0,0.0
425,39.0239559352758,42.85776855006901,43.10221877832088,22.266779804327243,41.72678272433572,0.0
426,55.66691566378108,25.073321139331522,41.838749971156,32.53301009072732,0.0,0.0
427,32.550678416003684,36.62146418323589,40.57072784210904,39.080611799950084,0.0,26.25815831004024
428,42.57114316375532,33.331405045126516,29.659287013833396,23.53040526094608,0.0,39.79422944279824
429,39.071080899341645,29.266537227447802,42.35069235460352,27.547322193052683,41.27598330255072,49.00503023090608
430,33.97207801091236,53.49189832988848,25.7560437875102,24.72511874409364,0.0,0.0
431,28.065825095995724,40.76721313666805,43.239272929175485,30.728986988082685,0.0,0.0
432,31.47516487737908,37.97768918788484,27.192495653278044,12.62859893880704,39.6077074783848,51.10111789791565
433,39.80501913521392,18.978838980329204,29.580985410650797,25.36732255698948,0.0,35.64498181075169
434,37.99719224677716,30.67775715187984,53.88651900642867,19.5688669049696,0.0,40.48337782318232
435,50.06622834067297,20.84849766582904,29.234203236344158,28.339727192460085,0.0,30.738539927427368
436,42.227623369098914,53.10094086437105,44.711538451686195,35.35817405920339,0.0,49.57316361428008
437,45.496467613099,45.23890882166848,42.70109302409496,29.08558773905788,0.0,44.18150714823588
438,37.906713071573606,42.12107311159357,34.91874324046324,17.630919752827403,28.98660387794308,36.80951543585504
439,53.5449785408896,46.10658356966956,26.069999597783998,31.987227441038563,0.0,48.398037585781836
440,42.334683841786365,19.44821269052872,34.91151123897132,17.059460006681405,37.27063255569208,0.0
441,43.22035206235152,48.139566073859605,33.834565280607485,42.490756628526206,0.0,42.32820297285216
442,39.24645612992224,47.71818622398952,28.023475771075645,34.02996048861968,0.0,0.0
443,31.93517948265216,30.47183276811076,23.841059220822963,11.893458327312322,0.0,31.329139984086325
444,34.15310724983428,42.15638025866848,37.41789494366421,42.7292479410096,0.0,35.412397627681926
445,49.71487828734748,30.96184422528364,39.384344509127764,24.14717029093696,0.0,49.032659475824524
446,50.40710943446036,45.57200312289328,39.102953915687955,28.66349869033232,44.730692357747884,32.386012823192324
447,29.815713161894685,33.0234555415428,26.3686663946252,37.08473693533968,0.0,0.0
448,37.40823054248564,42.11990655380776,43.22637665757664,40.030355135378606,0.0,38.27130451172008
449,33.35010926929564,41.42463909859005,32.733316898336646,20.62704018939664,0.0,23.71748817460424
450,38.06317518685648,39.64895675785359,29.689624332326957,20.316982957236124,0.0,47.712720287099685
451,41.09732867985992,47.07246951989708,52.04789062671396,22.869389291606804,0.0,43.97397812890396
452,34.470843380073724,28.346244517095442,29.484903023571164,12.73064096547564,0.0,29.956677681774124
453,45.94271414611153,31.796976790060683,39.06313920615037,25.550628610613803,0.0,31.543021247514723
454,26.82934889884068,29.0983310556304,40.72755141337928,36.9923806919808,0.0,48.52463570515469
455,46.57356898403948,40.75748829177972,36.18392067260368,23.920691525496242,40.45705305399516,0.0
456,47.2028044887978,47.26505532232708,49.469788649683444,55.84098009153984,0.0,0.0
457,40.845907096611,32.356144214201,33.05487305552488,38.82071005317664,0.0,25.84820675586292
458,35.745586800176476,39.9294878790444,46.3844631545356,13.82010577229752,25.77348443029628,53.88069698228908
459,34.30398712871984,43.707816310845196,57.61274581885984,31.114012260803037,0.0,0.0
460,21.499653411382322,48.398224710944284,38.86676500953032,29.912793742297882,0.0,0.0
461,37.32010072786952,48.128679286874835,42.052572484271565,39.98046186659552,0.0,42.960388824658324
462,41.53321497521764,51.20756728140048,38.2183812810846,21.52045453153308,0.0,35.94895961058756
463,27.32129716606272,57.09524169522473,47.99989959281372,9.60760884760948,0.0,37.843950992624286
464,30.58931812958664,51.95054926387852,37.5690488755032,34.68948549249748,0.0,0.0
465,45.31143084845804,32.7994610671776,31.786677754464566,39.4457365089566,0.0,0.0
466,26.834143238053198,20.26975557370688,34.48191190427305,43.23951133828072,0.0,29.5207477666784
467,27.29519952495404,38.00574289275661,36.45113172352984,40.17352967926872,0.0,0.0
468,38.67332669882284,39.09075420928768,49.935815115489525,32.540440144467205,0.0,50.560134827194325
469,32.33297901326701,45.96235073839884,25.87084878282272,32.12170505917552,0.0,42.37700904695883
470,33.457296702407525,42.111411753356045,48.66995643327552,58.045768817514876,0.0,0.0
471,40.04660429353728,52.897691360765805,26.738126529052163,21.80497114741104,0.0,27.030555520189882
472,33.375648832220364,50.43170407372024,39.56419881130916,20.676483047597404,0.0,37.57833078961108
473,49.57216087226228,40.5170943775892,36.364754950716524,31.57515897310588,0.0,36.55373789351884
474,31.29263260928104,33.67749579403841,31.550282451314445,11.4978917524792,43.55586645397136,46.47187719722544
475,42.650745547231764,49.77562268965024,47.204128726659064,41.20624868310904,0.0,58.08269438693284
476,56.79508262407364,38.71067102665196,44.08463561139308,39.3524111820888,0.0,18.794625826132965
477,48.88512358342528,39.7329616736416,47.874558981283876,15.311675081061601,0.0,32.53568238378404
478,42.2019815977646,33.618491332686595,25.4828623047652,44.63985013165052,0.0,46.438828456732004
479,29.248458949016165,38.38728466053184,38.16384821691149,30.62102814004948,0.0,47.14891177010504
480,26.50308544216432,34.57177311459304,50.217617042053085,18.474566301949558,0.0,0.0
481,49.47101544264624,36.613177492342565,41.4779255161752,22.5891242735104,0.0,45.08508759775949
482,26.10287931718408,41.313634106770124,29.74163563461364,31.55227625017544,0.0,58.28718057159881
483,32.718348998237204,16.74401611811776,37.568855662551606,23.52739768906528,0.0,40.218122589259444
484,34.21899057218804,49.28443951318844,45.27470577620668,15.163275749377881,0.0,50.83943508046352
485,57.467779459443726,33.624055581957165,41.943793756164325,29.03450954528116,53.79194478721481,43.36023892678036
486,48.96946180501628,49.342501410631726,37.33623013237292,49.40009244274284,0.0,0.0
487,39.64911256627496,40.327290232048284,33.145687241377075,32.36264605551163,0.0,51.446767381675116
488,40.301366271501685,43.57945288219256,44.189267980086285,38.41646558045352,0.0,0.0
489,41.88464166936189,39.4323092325274,36.125009309975965,26.732857490421285,0.0,41.745675561972284
490,30.04654684125852,33.86896298576564,51.757639495329165,33.68050583743376,0.0,0.0
491,38.201433517116875,39.48726536252024,45.140095252657716,31.80876754099288,0.0,23.14286812941228
492,50.31518758579492,36.2441005997152,42.24532183674976,45.484303442464004,0.0,49.84561638820845
493,41.59790525469048,33.847955146313126,34.36568378978144,27.021185465810397,0.0,41.34655436300865
494,31.23843450511124,55.69643180097721,32.205455424906965,46.69254287941956,0.0,0.0
495,49.754558631979684,29.479034186554404,46.40074063353516,41.91531911253608,0.0,0.0
496,40.39394893859768,38.15068200852164,42.78328918141248,21.263364532065083,43.1098025584578,29.90147229832032
497,35.61348260367608,31.258845330003243,45.45920472408581,16.32797556796792,0.0,36.28934502014869
498,49.492914384453556,32.301351898641286,47.119521780693404,36.0711530906906,0.0,0.0
499,35.659606087911484,27.947222498355483,42.8833501823444,11.96874118997604,41.226589782793276,37.62934591622956
500,27.948420164968557,53.06873499973837,36.207948701717804,13.18334527791388,33.2594161067716,0.0
501,26.591098021742845,41.03891930055561,37.792789900640486,11.8333062197288,0.0,24.77411344019212
502,44.7769872438562,35.34462798317708,27.420774539514365,49.763921212297355,0.0,0.0
503,30.289003798196962,44.30544059063132,31.792964139332646,15.63648300972088,0.0,34.06773330367157
504,38.9584458355906,33.161292440089,39.065579513103124,32.921377943892516,0.0,36.449147596707085
505,32.62735125849376,42.888715120086395,34.18799821835308,21.773221410846844,0.0,36.864375434775724
506,34.55119851539521,52.18281807891304,39.38514412742363,8.386246639492562,0.0,36.557305229987804
507,51.39882650442472,48.9984471837308,51.757663877064516,27.076903689257765,45.98132800729105,39.14482508138716
508,29.678316477883843,21.3179735282898,55.18002204615732,19.91418932525604,31.28914605018324,48.79045257852992
509,46.17655895395736,37.95444387456576,26.74706825521008,34.826355085049364,0.0,0.0
510,32.40901414116076,50.01372866266597,49.39317147854864,15.203548401334603,44.1722694842082,29.43143541767048
511,41.00312126705269,54.77786428552016,53.55118183831332,17.570471276081044,24.425717907234084,45.02679229362556
512,40.92181649763688,40.29171203387229,34.037355334212634,19.0152195728216,0.0,45.51327787623136
513,22.492740579276244,26.994141475449002,51.92492323329041,30.775012233407683,0.0,0.0
514,30.271852389869803,23.485446740802924,51.1010729604414,18.9256165432394,41.164881152647126,48.940246810993045
515,43.14965102744964,46.481648806890846,47.098546308273356,24.90779945270356,40.44788025494744,48.30130708591365
516,32.20455311457484,32.86816347015912,43.86530178568052,10.0436619444766,45.60159129782685,41.579696448829196
517,56.758557600916525,39.15756476884228,47.31069935151891,31.73171118797352,31.17295225020504,39.11627918434632
518,41.985573373036324,31.71101974706264,47.42350861542468,18.67498606176908,0.0,39.84054014641932
519,36.493397411121,46.192435442724964,31.94573028997648,18.8834085919114,0.0,34.48051956763904
520,40.518548152892805,53.690418186853165,39.041600192739196,48.23324541063329,0.0,32.28880752374188
521,42.582637321420606,41.617846184889316,38.81100030041576,20.1118294647598,0.0,53.75687184597753
522,46.63864297812636,40.7086486018824,49.12171169023261,36.44606164834337,0.0,39.39849359295804
523,26.39365589525856,41.720243279251044,42.437993134672645,11.54229889284056,0.0,30.787943584947524
524,38.62201527714828,42.973759820321156,48.78774006478332,55.21628525818596,0.0,33.743922676987324
525,46.999321956670606,38.51567403833684,32.00949402843244,23.01020297910948,0.0,34.301183928193325
526,54.207274564579365,31.06036207833468,34.984346256192126,23.492659611996284,0.0,46.99790076526761
527,40.74139895479012,30.48708949679616,45.25604962392089,28.18134502903208,0.0,58.16281925738569
528,46.043624310436,43.02834438373168,47.96491189035308,35.93476073496668,0.0,0.0
529,44.142878432489724,39.2044901505158,47.85176484538024,19.4936840092308,0.0,25.93728401490516
530,55.25599492478365,48.556464321748365,32.00994571557136,34.37395393269856,54.44243326789964,0.0
531,42.75817510136628,34.10643056229572,38.30271920127856,21.763232390431643,0.0,33.5647018967538
532,32.34706951645056,34.84705562584684,40.277835821287916,36.10644590980916,0.0,0.0
533,45.01377895130168,40.02312064396656,29.303598596170964,42.13538767784964,0.0,0.0
534,26.26081988237628,28.717830889494568,45.79615049058532,16.02808094164016,0.0,43.44701728132204
535,31.207306854241,34.54533802887044,30.47348895237444,30.44099540427212,0.0,40.75421565218888
536,37.67729036033,37.0694284180408,44.0191247666486,44.007238232742765,0.0,47.04107680498908
537,34.02451264260892,38.24533494173596,30.65982692322724,22.58855990673568,41.25444056293573,29.829061377641043
538,41.40893420304152,51.48936146629233,45.175035360710716,15.769013093019241,0.0,58.51275087011496
539,26.298916261278322,37.98115042538552,41.597460986612,39.71229383160244,0.0,49.058935087089125
540,42.753604604306325,40.35777557533752,20.768559383250963,19.802927677848324,0.0,56.65002099980057
541,37.00746938857864,40.85171913625284,54.11706343681361,30.0581561274196,0.0,0.0
542,50.07874995610084,35.43396147365737,34.28992457236548,29.72102596889348,0.0,35.725498078869
543,40.13767351681844,50.56604406748588,38.144232839807636,16.5941184355984,0.0,48.04228632929889
544,41.28430625225328,38.361553305973764,39.97485673068164,15.5646892279382,0.0,52.328031025523124
545,38.96000773005744,33.0098501796646,47.9711894869306,20.958812105210765,0.0,44.81843010377964
546,55.37494505557461,42.63063105616056,41.790987652032996,30.948411250764163,0.0,43.657864031172444
547,34.51072062582684,40.813258841813195,29.846846466334405,14.686737990270121,0.0,42.220105758976324
548,39.515864566539236,44.546643075174245,42.24528178147228,20.25695398076556,32.84482745505336,0.0
549,32.21883812966932,32.47842640668856,50.89386633903948,37.37782146232328,0.0,0.0
550,27.436278396443363,29.73828671671372,36.78554779316355,31.010686327597803,0.0,42.467369784477086
551,46.07272349514372,33.0049397704428,52.55987987611868,21.256144118213964,0.0,44.67190554080268
552,47.35111696330496,36.251032426565644,40.797390387050356,23.69958813840932,0.0,33.171810073682316
553,34.60045882019236,32.410606221240286,43.87694796128409,42.22166175656356,0.0,34.5461122201636
554,25.4180151628774,39.784536070034605,28.492443034435883,32.90741279118324,0.0,0.0
555,36.01887597810488,25.244857063087125,34.97748217729367,39.41153702088952,0.0,37.60706709656344
556,40.59600044626801,35.27412322805856,40.6921425005922,33.00035475925313,0.0,23.178164373073642
557,36.83452167017997,30.721841073370836,48.13293478328309,50.256910242969,0.0,0.0
558,31.163769290817083,40.611319062917126,41.61425984414656,17.02464749115932,33.43758104506,0.0
559,47.04713957864532,44.18690861425756,36.56045551171289,26.968322818810357,0.0,36.29657482597241
560,32.409692944306286,28.922837272826595,26.214139338682596,28.112298168329165,0.0,37.24588120929568
561,41.648154766264284,39.16232575653549,31.595830713941925,22.141938385203204,0.0,23.637085157695243
562,31.27681949740652,50.33255046172936,49.3128201007498,40.71903684056544,0.0,28.730334991508684
563,37.61983845408148,50.88348129157344,45.903513328516766,39.43519585734621,0.0,41.98566885334148
564,38.11732814158092,27.746628603818525,35.78507262241108,31.73746371656504,0.0,0.0
565,29.514396873607364,46.602187772750206,33.35573845451224,36.53742978948872,0.0,0.0
566,34.069958942065234,36.811218146878964,36.698534851306,51.0315516925958,0.0,0.0
567,51.304290641227325,43.223044076203124,53.4212277114934,54.68435355938428,0.0,39.55367799390256
568,46.073161736046764,35.63372423170412,35.71815706762496,42.62046391348592,0.0,46.542707253911686
569,35.75422137654325,40.7867381754752,30.677049730650484,38.76926486003044,0.0,0.0
570,40.771693405530286,28.79479079772204,28.279732123584445,43.455706952303565,0.0,31.439551953632204
571,27.449656605746718,24.679413309678477,46.48989689348993,6.70849906954256,46.110204210484916,33.844820750915005
572,54.98655252928499,32.81900422133436,44.75963209177672,35.07948937998072,0.0,23.07304578752976
573,49.02343010011644,38.43912443957008,51.0845232906008,21.301819346250163,39.89121922079448,39.03163699560932
574,27.5407548171312,47.47007917342341,52.657853471579244,14.858214419660762,28.629705034102315,0.0
575,32.954572528218115,49.64925347972864,23.771722843532274,11.50410053116884,0.0,45.39857443630321
576,50.30473961539557,35.922463387197354,44.845974179381884,35.21036456381788,0.0,51.65890276590761
577,38.05966573716404,43.53891367259863,41.8652101197108,32.60404013619508,0.0,0.0
578,27.706562639733644,38.23707473068136,25.022362990318324,21.063249451385,0.0,45.66596395607636
579,50.603205569378396,38.369832718332916,32.76984766064484,29.706171325325805,28.54111102833136,0.0
580,42.60187283069381,38.60207629715416,43.9907872796424,51.39718980280372,0.0,0.0
581,36.37296284547348,33.62582596721367,41.09092062128801,12.094483287200482,0.0,39.863639285250486
582,38.0957481978656,23.565242117846363,39.60627257982976,18.599056644122765,38.13962697051332,37.18285252221032
583,39.287732559425685,49.06618518108088,41.513146405902326,47.65152588149228,0.0,46.58614365084652
584,38.50899940691348,43.22662325482565,34.863687352012164,19.238973745427522,0.0,60.14514893787284
585,37.20381971102461,48.84728117100164,50.55807847544644,30.91223520200636,0.0,42.28762157358644
586,57.46632537767225,32.59663980549649,41.153844612840565,28.017866795049045,0.0,33.52717673756685
587,38.90364784072512,36.63139457364896,40.92818327022436,14.6994170106752,40.300829927152684,0.0
588,55.669699413588404,30.70713972449616,40.88463096212112,25.0432467343686,0.0,45.99882342325488
589,35.6710068655178,48.59029878685673,34.568251480903875,16.00397586985124,42.91822184742244,0.0
590,35.48826940741648,28.31827591624436,49.60928678311204,24.873470559823318,0.0,36.21154425811396
591,54.44477712479032,50.760989773711366,32.991045868952796,33.09864141925672,0.0,42.2734393907018
592,36.51699233641148,38.84431787556451,36.44976934026056,24.551899731535524,0.0,42.384184746429874
593,37.80620121606728,30.511903025775045,35.22540349823504,46.27908778323784,0.0,52.26278091212253
594,38.25414860975228,30.947584921413284,38.113076444961195,23.663077478343084,0.0,45.45878758162056
595,36.89236802575612,44.951662679907486,58.627456690320436,40.00419818133848,0.0,0.0
596,30.669378388158563,42.6087947268098,32.53334587612664,25.44376217996432,0.0,35.55894419268304
597,31.20508259162588,48.38429126070568,34.24369277333968,51.240101780893475,0.0,0.0
598,54.969635395554036,32.1387808216214,38.98851974755332,48.85464510501401,0.0,50.47529856263632
599,31.784869569662888,55.816000655103835,31.73753589698104,16.921289322433964,0.0,42.39221504723652
600,44.8012351961718,36.31598777054288,32.37550156216904,38.641270879969404,0.0,0.0
601,36.738484011902,49.85768671397545,33.3139188234348,25.36213595199272,0.0,31.314900848560757
602,33.10889515808748,37.761672395277564,16.0865851935726,16.41580966583012,0.0,28.356129418545002
603,27.238662409506727,34.862346467304164,37.65459035129236,30.9973799821804,0.0,40.81420211982652
604,47.757631955153954,29.733494402749006,23.985116872308602,41.614244983146,0.0,0.0
605,44.15159343205388,35.96121115150264,32.37768817955872,20.167017668184,0.0,35.5164679042148
606,56.54810938974728,40.8745658009926,23.305202679915766,29.853177119226444,0.0,37.59286243072436
607,28.41866918399604,37.5429453165522,53.35427972345632,24.284627654388043,0.0,0.0
608,29.993995710364242,41.35547857496872,27.40237053410224,40.444390543367845,0.0,0.0
609,33.53615031925104,38.363475762742205,38.008968055705964,27.018653368921687,0.0,0.0
610,46.46135336529628,46.33633680381381,45.079130663605014,42.2142128997748,0.0,55.05408474197725
611,43.80510826880117,46.39185834735484,45.9402744641936,31.638820095764288,0.0,33.216942160205164
612,47.67675708912864,35.98076949278168,39.40092761697176,39.98831368215065,0.0,52.5374435572446
613,25.462281270561366,25.917511063361758,32.79880776480753,11.644913416571722,0.0,31.726754682122525
614,51.47172215391068,31.837175226513242,57.629672565359044,26.07351850272332,0.0,46.21306596793408
615,26.48431951267396,53.76972587611324,39.67376050757168,30.091012779425004,0.0,0.0
616,37.325942801963116,43.4284857446884,42.33405930266664,35.66971871819268,0.0,27.680042925573
617,47.96157199758916,47.77720298822988,43.80242065729897,54.32179268665336,0.0,33.22445512424256
618,44.717095234000205,56.31435596208081,49.17485165581256,18.7777727133198,43.42562869244988,19.554938130518483
619,41.17092556273716,29.164895813301605,40.623503655585964,27.054430572371757,0.0,0.0
620,43.85396678088448,33.707276369337166,42.08489259917912,14.305868412397201,0.0,38.77430321812952
621,40.29746807355236,52.633219391469645,30.317705597316802,17.004927957452363,0.0,33.76349697128709
622,40.44540421273465,26.1866942155654,40.06498821489608,21.419590192733605,0.0,44.69091425125185
623,37.790811544376076,44.04252425109652,44.551689151538966,45.5071917824012,0.0,16.87622144551836
624,29.283786837484282,44.14354529052208,46.00566867359432,28.868168548660922,0.0,56.39664504579041
625,29.68280014972624,39.538103239754484,46.17307828177778,29.9859918205892,0.0,42.89936153580752
626,45.579274984248684,33.44832178558176,51.94503476233636,51.83765066715564,0.0,0.0
627,41.19954594092864,53.73005018549044,47.24191652255744,47.20938642406436,0.0,49.26298544637389
628,25.89787323499624,51.44414721566504,34.72954108504348,35.42779939992904,0.0,34.12388083844981
629,38.439758834171556,32.077867725440676,33.997880415761394,38.53174599368684,0.0,40.77034230424491
630,43.039625437767434,22.221266154223525,38.41064700020924,48.245231136966204,0.0,0.0
631,31.380984042378117,52.381908087315324,44.92874019780321,36.8478754999232,0.0,41.14090009651964
632,45.67210949387416,58.794361935603845,53.690102356135604,37.24262428238272,0.0,29.130808732965995
633,35.67095791416688,42.22976748455757,31.20392915542704,17.1598518399078,41.96152591654209,0.0
634,37.708427118284085,49.77662271506832,38.0800233344812,26.029907494611038,0.0,37.243628725731604
635,51.7150515841952,51.013993194918804,38.702716178653446,27.958005282061283,0.0,35.645603065038884
636,43.89456305266804,38.15902559835608,32.89838927861995,20.93954655844612,0.0,45.4995837145378
637,29.11309926139024,55.461241878181596,40.51576631259256,14.997178332486879,0.0,38.454919299763915
638,39.82745880877264,36.725336350588236,35.283678693695805,34.72122361674705,0.0,34.626221337498
639,20.522059813871525,31.005163793761437,51.81824190056176,28.022705765055168,0.0,34.883834333033356
640,26.776431422105002,41.546236598473605,38.160468281797954,18.71037561418916,0.0,40.34975842392205
641,44.78303026603436,36.475542234770444,54.77149034980864,43.07144823770768,0.0,0.0
642,31.64484602226892,36.11112852682516,42.078068647119885,49.60824084633192,0.0,0.0
643,31.331929157437283,37.84424804361844,53.549138240698525,23.95427183526532,0.0,29.992533966596802
644,43.43888716389832,36.72354442557612,45.94828992276224,23.210819778823797,0.0,46.64482845115068
645,32.71500826110384,29.1164558404134,52.02341357034008,12.44863658354764,37.75536967692708,0.0
646,42.706463685513484,44.54274265337692,56.336765006261636,17.29894381712316,0.0,56.13262397172976
647,29.810325857629522,42.78815563208816,42.993763520094724,29.140685409063522,0.0,0.0
648,27.277675147260716,53.093528972583925,40.84982532597669,39.60807358611549,0.0,0.0
649,37.614761598896486,36.500350866178366,41.377955279100085,21.78059241461136,0.0,48.53798582071737
650,33.924606223862284,33.82700298251308,33.87968709956293,26.31535590604024,0.0,25.468833310782802
651,36.480916307694436,38.56857023452193,36.36721110321036,35.26960613373477,0.0,33.46878854597576
652,44.76086663736776,20.63791964967884,50.05396393211584,43.168899327038766,0.0,27.169501862431485
653,36.59685316145956,56.29982357747936,52.08922608015203,37.07133651529064,0.0,47.43543510698073
654,40.35246770067828,57.60348549880309,40.699095789996676,23.22594143025108,0.0,48.5817223944692
655,30.899243436885083,58.00490837301601,30.959846799966883,36.760219637505884,0.0,0.0
656,23.112259217903,37.48200064070088,47.799644581905795,20.40211650820796,0.0,0.0
657,40.19223513240724,27.872216965882846,33.95518219157168,53.97231756286367,0.0,0.0
658,51.055377882526365,40.967031101418364,36.62958279317956,56.32637117204196,0.0,46.7797007081908
659,31.196173097360795,41.63828335315092,28.706607652672684,20.98152708041008,0.0,17.921504345166642
660,40.2377457292858,44.88237465166568,43.376955338824516,11.86026236678348,43.40577650931656,0.0
661,33.08656738579652,50.58931873423413,43.58481887693208,43.16648217848496,0.0,0.0
662,37.18245839004232,37.008031994672166,39.6502384920906,17.14300836303736,0.0,45.77304179128012
663,36.44254051274896,43.399746348658766,29.367003996628,28.351043226412674,0.0,0.0
664,45.410862679581804,34.6456491391746,33.685793562049405,22.025722289646364,0.0,48.38819363771208
665,48.58188320537536,40.52861908163664,40.25195608060288,26.579439151176082,23.67307349424692,0.0
666,50.65821447587817,47.886324356383845,49.8824190515704,31.182357300248963,0.0,39.697957777438766
667,21.22243258731008,47.171996432476924,53.59914839388688,35.20584712138868,0.0,43.3007174503796
668,48.61566627603008,30.582938480446558,38.06317113181184,49.15667321466757,0.0,36.78496938848532
669,34.91599804883828,40.9095806597658,47.35675500231464,39.29619257731552,0.0,44.5237094607132
670,35.60164061677416,30.64381532479804,35.009607809741084,20.59052561977616,0.0,51.520923151827404
671,40.82133495932136,36.84490558423032,26.11368479767252,20.53998053889476,0.0,34.92557575522224
672,32.485505601915,42.92337370488033,36.73902555857412,34.30721905528016,0.0,0.0
673,29.55127768593848,27.286010111524483,50.607217221797605,22.82677820969528,30.481712859607725,0.0
674,43.391700128782205,43.578037381735044,54.605218902847085,16.620142528160684,0.0,45.9563426549054
675,34.67339178051432,45.64196378991669,28.683350377922444,17.72925094114636,0.0,45.43174155712188
676,43.281304313283364,42.926276412916124,28.908331533163324,33.26441756460537,0.0,36.722355827121206
677,53.571353535695444,39.19175151810177,39.334847145673926,26.00099546983116,41.47276787159412,0.0
678,42.26194345292668,29.86620328981716,53.201073385471,34.308557770554835,0.0,34.742605926233836
679,45.41391503588744,39.70144658599612,66.82280638320589,42.01572200990417,0.0,38.70398811833988
680,38.7044532792884,28.00659591500824,51.85328571064305,23.768574583989242,51.08676945542724,0.0
681,34.33426799488096,26.974256269219843,32.0182286757836,38.13423793520984,0.0,0.0
682,53.86881333203668,28.625160861041643,47.044713707492434,42.00445682437316,0.0,36.06518575778372
683,39.279822411341684,46.2271326448412,48.78285732383607,37.16274951348248,0.0,43.01029864248276
684,37.48738979415005,35.07046627834156,40.54706622246156,34.78526276425197,0.0,34.66704045901684
685,36.77886431883613,36.565942139668486,32.272232343466676,30.345253428552965,0.0,0.0
686,39.64658851527252,43.811975904086445,32.33371466494904,21.98529373447316,24.64147594570796,37.610021852231164
687,48.03436543256472,23.63394946319068,49.09654564386132,34.9744542372848,0.0,42.899746500989124
688,50.213630121967526,40.853514939555566,41.44146120661264,49.33727236918368,0.0,0.0
689,22.6731733217058,42.3945500506868,25.118311155237482,34.56087848155028,0.0,0.0
690,40.41928712344984,56.73002436277944,47.05759610300756,13.492113963743241,0.0,41.33106493448432
691,38.84968814336337,26.804185084175643,24.568438331929524,25.032558698872364,0.0,46.76749514425232
692,39.85256676395865,37.84579892238425,43.018553157325194,25.731570421969245,49.52667022937668,0.0
693,51.476791253342405,39.82822967562564,42.233002650575685,28.89725937025236,44.102412134029755,0.0
694,37.8113622031794,35.895033396484166,47.64424693013352,15.762260011280683,0.0,50.27432267832164
695,47.922896472932806,52.64333884921908,38.02935401657636,29.418871399334602,0.0,0.0
696,38.87287668870264,37.03831121364652,51.91427086862328,43.812243892517365,0.0,0.0
697,32.297289751904,30.734560327877002,27.78360707541396,39.765626947094724,0.0,0.0
698,55.04679593556996,32.924938162924,37.675344257439235,22.2418048695094,0.0,48.2568833640422
699,44.428818677693684,37.56993409047325,38.42840074047472,47.841733168996,0.0,58.10787832068471
700,28.19181056073924,40.15647861453833,43.308306983016166,27.35744060800776,0.0,0.0
701,53.226534336775,39.40966052786025,40.22189489877164,21.94745521584328,0.0,35.679918910308324
702,47.275820983991125,36.583764101051045,38.550384426793315,29.54205677216084,0.0,0.0
703,48.59241109530756,34.68978429032356,31.513000604721242,20.693367621623164,0.0,42.49597920202021
704,41.045326745342,47.57210300937649,29.810206174912523,19.49046104613352,0.0,25.485763514508758
705,43.46213458214593,48.72087095452524,29.86409076330792,19.5971204156118,0.0,40.78796664683164
706,30.749821730008165,35.0289975616992,43.31883051385784,34.86694407594292,0.0,40.34742922626552
707,42.31686453914264,45.45328666042917,55.598141696606596,33.720343371135044,0.0,0.0
708,42.60990637191024,38.216360250928446,34.23927277649644,27.60283098582612,0.0,45.3247281044328
709,35.14156110470048,46.977355712254635,45.588136272051116,12.95362501742816,30.474165673052163,36.24776078000332
710,34.896071501986,52.809311084362164,29.08557107864864,20.74351480185296,0.0,53.28490518443937
711,45.63897958420424,39.288202287715,49.0640545006158,35.9045151200638,0.0,0.0
712,23.939896844837243,39.35936169994776,34.8305974888006,14.96377586661228,0.0,31.71015733584416
713,26.58945995319556,37.83827851106272,38.574891806784,41.01273746256924,0.0,0.0
714,30.37184530394056,36.87203240694173,27.0764499794452,16.745716778401565,29.903836015871644,0.0
715,42.707835296146484,44.6701460109342,21.0329935561202,21.490907160700285,0.0,35.54224968915488
716,29.727744266595963,39.56773002972464,38.54198050785096,38.25569541122052,0.0,44.854361211929046
717,43.72161549066828,36.30014241685065,46.447401482773564,38.6397069124258,0.0,0.0
718,27.297241111973236,54.864615684228845,45.44280605934584,31.883050891861476,0.0,0.0
719,28.599895209011837,32.2015540642422,50.16429885353772,37.51277043848132,0.0,0.0
720,31.95133571155876,47.637836269410286,41.495559442042406,32.77168697005808,0.0,0.0
721,45.377093754832806,40.75801104457768,32.14627170224536,20.583258570241522,0.0,36.7222463374796
722,38.656724048958964,35.102777116255155,50.41918551496044,18.82400114878116,0.0,39.72202799883656
723,41.077395780994166,48.30604782863776,30.6595801356244,18.57142259465584,0.0,16.9641832749666
724,34.46938737375864,47.21141469105313,45.61015022491832,36.971483398478924,0.0,41.080904169112806
725,24.914925782483245,36.79381662330456,40.63026167025408,40.59984171881764,0.0,34.97193509270576
726,29.906299003376763,31.148246723081886,44.84540294346765,28.413145070345042,0.0,0.0
727,39.28891295048912,26.348194138796682,39.10695125920816,28.273694063002157,0.0,0.0
728,40.85294159769101,50.39715115903605,31.594496509761594,15.276771354313162,0.0,32.734703035849606
729,39.2035522941482,33.7365791976778,32.1589238823556,15.809642119749121,0.0,45.62057429248052
730,35.38048859586676,50.319024805543165,46.39410411242497,7.009462364745921,38.26713227633896,43.416797760761206
731,41.645539251270044,40.09858543022749,39.50184060662404,20.090907800150923,0.0,43.295725597505886
732,24.043355367961883,27.032278833466407,49.89792873767993,16.366329746813165,24.16996370543728,0.0
733,37.498761778703724,46.22971241140132,33.624334579955004,14.7236061381452,0.0,34.48583227266396
734,38.8981533809214,28.25670460878496,34.35795475568636,30.200532085728604,0.0,0.0
735,40.00729133563788,28.0676739190878,35.90720967217016,12.26588298447396,0.0,36.633466051973166
736,34.00522771778268,27.958750584693203,40.00291784287736,15.85805165461368,0.0,38.04479324322704
737,25.87999340388204,34.2635147573838,34.45523397046243,18.7311706835912,40.095835983192956,28.95561874532096
738,36.49592546064244,32.07986595174004,50.845846837115594,43.59850714384073,0.0,43.91469911748116
739,40.32598872422604,52.53181672910661,41.83754852907508,39.4083146196026,0.0,41.030086649329675
740,27.05261898301664,47.979129187435596,29.2427258206962,35.366240234647485,0.0,0.0
741,34.555652689862356,35.70704301125532,34.49040334504328,42.672947065394595,0.0,30.515232338404523
742,24.581254228835842,47.292562343257515,43.151126837146684,11.709814458008442,0.0,50.173528819533686
743,37.6821266732196,31.103712307320443,49.305872771418365,22.09550438953192,0.0,35.84250452439616
744,41.59647229858748,38.476054390507045,27.065194384732962,26.383607857279678,0.0,39.454790675624196
745,37.08351725085712,43.28491629969604,28.096671437565323,26.930821666685716,0.0,39.01135288811144
746,59.581353055211,53.534222899932175,50.27536758975415,49.63125061204816,0.0,37.397144604373075
747,45.02963166713524,25.883012088270963,35.50598199371456,45.78510261883447,0.0,0.0
748,28.08273644091696,31.083381675749,30.661208023044885,13.46351104483908,0.0,41.54140313061304
749,43.99353450915636,40.54183277002992,38.48757095008044,27.735678029611684,0.0,45.98924475193352
750,43.57194170186144,51.737476886509924,41.012722378120756,40.001779141964164,0.0,44.69680117302197
751,36.32656152060364,24.113013821032002,17.82731028107916,17.80969609064624,0.0,42.486848862657084
752,48.603162502714085,38.0339476379442,46.61167942679557,40.51701399586952,0.0,42.890538730139916
753,49.82008816387068,43.04299030043845,31.31566963889404,38.65649674471808,0.0,46.04326029924624
754,36.78381367251856,43.20393201101385,48.326097914317245,46.83118614850696,0.0,0.0
755,40.19466866392768,35.113735977302085,52.682145663916366,43.88471429449472,0.0,0.0
756,32.765959317573525,46.03481888128916,44.680805208955725,27.89040043859348,0.0,54.16961801352625
757,32.48275486403164,50.48781578430804,40.03544328074916,36.5316272536578,0.0,27.39539232703696
758,42.704176698031596,40.57302578776085,45.88370968826075,46.19729915642864,0.0,39.98510047849593
759,37.32350191569368,33.6701402544604,37.39622791637623,19.72114136077664,0.0,30.0427443614396
760,29.255881750709523,41.714542156678924,31.158323303509285,14.457536361842921,0.0,42.541231268380244
761,59.02027543808892,46.1363526736666,30.279479029255153,29.788236501945082,0.0,36.62116013315077
762,42.23438437671748,28.752109032467445,43.84430123574804,29.325066702354878,0.0,47.52197032019212
763,39.13090009096068,30.608800887221843,47.56907886318692,51.24833482360245,0.0,0.0
764,22.37485056527884,41.867092641930284,40.45831647439188,24.50648666183256,0.0,32.89552162848201
765,47.00421614926964,35.660955481855716,42.631329034024326,27.747334914417323,0.0,41.643638821727926
766,30.775173953888363,38.13449592399576,23.80196720168716,17.095175687566165,0.0,33.75650700477436
767,48.86428120029052,37.89242183647204,44.944195874903194,25.10648894419416,0.0,47.7728549556092
768,29.059068984956323,48.04503816542029,33.261269066724566,28.428996929720242,0.0,37.26185670324285
769,39.02773239422256,33.740854579743726,37.514509637159,45.155821068768645,0.0,45.236057606510435
770,34.22984545864544,26.703214514678166,33.18684373010133,21.747068609539845,0.0,32.16442614528516
771,28.13700380682364,45.82494901510509,50.61376511420844,5.912582684528241,0.0,53.24205470988497
772,31.36398855469652,39.40411632915865,51.00851424736752,13.71313322877192,30.621552905803163,21.78892362233264
773,19.85047269407912,41.47338216097164,40.21244962971392,38.35471966321995,0.0,0.0
774,44.2027447111196,35.41532745169456,40.61520144276356,23.11730136725416,0.0,44.87633577248964
775,33.85382974206376,29.816638170334397,46.17499110949088,33.9753938960272,0.0,40.555247200383285
776,33.08102701548397,37.36867444023524,39.906002092039884,31.950745462489238,0.0,39.358217236234715
777,37.510102095379885,44.899043808432,45.29105801241788,20.246815258380522,44.91069658873552,0.0
778,55.754027710389394,22.336700473892286,32.98922549443476,35.34815349626869,0.0,0.0
779,34.26701254369132,47.24867214302084,42.29746391688932,44.18225979645508,0.0,26.613453887474726
780,46.99242408942888,49.990821731595325,42.72057267624404,45.175563734951595,0.0,0.0
781,33.64957043995056,30.8985511558056,43.638875391207996,29.93331569516784,0.0,0.0
782,32.394487135463244,48.153478190131764,42.49731337024668,22.243951485128484,35.83592543385128,0.0
783,38.451677825303,38.492957937799765,46.68383742932932,17.667318550360285,44.484476330178325,0.0
784,37.21233536374724,28.886186028987122,52.387228020249076,36.145973703657916,0.0,0.0
785,25.79289258118508,31.371985515939205,35.27571070204976,14.520189299225681,0.0,43.3994661375316
786,45.887019605779166,40.265709844216325,40.020368125041564,35.28463118457228,0.0,46.22136143010172
787,59.21817443249224,42.60674964188388,52.74047809668608,43.49414991477272,0.0,0.0
788,27.368265407313718,36.06576908689204,37.37443266042088,30.841467791966682,0.0,0.0
789,41.00772103119056,42.31406107163972,31.53190289608392,18.388514353334003,0.0,26.270505692227324
790,45.22165475459844,31.49176313292888,38.011642183062,15.378505772725001,0.0,49.82143308826173
791,39.103337515059756,46.606553104408846,24.682104222043005,25.848870011077356,0.0,27.12995457675296
792,45.4062037928896,51.83332089737828,55.92468669215952,22.87373347971172,0.0,38.842982472863206
793,36.1284226341532,38.11815027094092,40.196237440433485,30.537989840517877,0.0,20.0621647021332
794,46.95483038570372,40.35500061975476,24.7286659850832,25.43426626123732,0.0,45.108064673795404
795,46.319806360086005,42.66518208992412,37.78280415037828,54.750891150563334,0.0,0.0
796,41.292584805821285,52.2669962522812,22.4449984686542,22.089901358753565,0.0,51.93482498653397
797,37.14818397580528,37.79323796496101,48.931753913609924,17.17768305342168,0.0,36.60081858592784
798,40.90183185718252,33.351938588872244,30.290002917570558,41.22323455501832,0.0,40.52311187454328
799,46.63732994855912,38.21099777582392,20.240910758611925,23.618094345105682,0.0,40.6382626862698
800,42.37695183944596,52.34907958757192,48.2906341679374,45.269256576412964,0.0,34.40722804873621
801,27.19811962035336,41.59816476525132,26.16495155229588,15.278162758890442,48.1602029050614,0.0
802,32.65929908665212,34.75068847106368,33.51831519022084,45.796720979700154,0.0,0.0
803,41.323507012087724,45.83473226821897,43.91155931951084,28.052376015708404,0.0,38.68216728251088
804,37.23762315707596,42.18016426133996,45.73504635665556,46.994035421187924,0.0,58.884977294639285
805,33.391211536665324,32.3497324696758,27.74455946530832,43.809312830756205,0.0,0.0
806,51.12797587834312,45.498577406622445,44.79643042054552,34.524740650061915,0.0,39.58959283473144
807,34.06028364567616,35.048004844061,43.35508816227509,43.069877926276604,0.0,0.0
808,21.52880960977216,30.11897408438132,44.4995081129654,31.140004691894596,0.0,39.820075733946844
809,42.259885711130686,50.19158587035872,43.92701355486645,41.08425609959784,0.0,43.10015225457292
810,57.356520808295805,46.09260553719892,29.204130790282445,44.45434349120024,0.0,0.0
811,45.845947262082966,27.00819093432684,38.79557323822389,31.354297048591643,0.0,40.17548900967992
812,33.139278997475394,46.24196717144824,34.87224329762112,15.37120113653252,43.68479817154196,0.0
813,50.09886666794444,38.81083701101304,48.714466506671684,45.62828868052956,0.0,52.865141976056165
814,44.41885398551748,50.84235351831068,36.57410391568272,27.70378523374612,0.0,36.52985078041088
815,21.517975540898284,29.022192740642605,44.6283083686018,41.70335399868572,0.0,37.738111610959955
816,38.51301092932796,39.55515823904289,39.897318688299954,47.665382948241444,0.0,37.34883103148676
817,37.59794480600408,37.569467260706766,38.97608567871577,28.466377954018117,0.0,37.56611617816584
818,49.94962577923017,45.60710257977677,30.366291794730838,26.886664429562085,0.0,33.93126769853704
819,52.70347067029204,32.48888557801212,38.72824778129596,47.544803019161996,0.0,0.0
820,44.38193038350609,45.423654752004886,22.45277475913344,22.161886405210762,0.0,31.378677336360884
821,60.080654028630875,54.41739063776445,46.0485378877446,48.16206962916616,0.0,39.83319604791561
822,39.269697943912604,43.8682903507556,38.61236568954444,39.66325835702011,0.0,29.46497556952692
823,24.84016751910084,33.2640190867542,44.35137359441552,24.72449532927272,0.0,0.0
824,50.34100106391792,45.04219515401768,22.612580901105158,42.27189779762428,0.0,0.0
825,29.602567859870838,43.311628690465845,52.251928372574326,14.62194562558744,39.5826046483984,0.0
826,54.77273276219861,45.014490176642916,35.44572514499372,21.074760766843525,42.32079995407397,42.0753653812592
827,37.40042141462148,36.17084023786808,31.971782591178606,20.4232431317348,44.79267487536419,32.026012601552964
828,46.72048904608517,53.30591253324044,33.960774354137044,42.031235528113164,0.0,37.5188011942426
829,40.02696898971636,32.91456833375048,34.01134392201833,30.32985204586084,0.0,29.877466686972358
830,44.20498756516924,35.6275441864202,28.792418692191323,47.981275140630444,0.0,0.0
831,50.052276616564164,52.79604409405796,44.43529739298484,46.28476426251824,0.0,34.30601613988449
832,45.237786082372644,35.50419667212644,33.751626708041435,44.97987346977933,0.0,0.0
833,14.901905988337008,49.18176542740464,36.56616764557216,32.37275716742708,0.0,21.979762437929722
834,33.95191403691172,26.89689382951852,59.2095209777012,38.92269652486636,0.0,0.0
835,63.158553860913,55.10082271140361,59.49308191764009,60.130979257676685,0.0,0.0
836,40.975799175245484,32.203338649441726,47.7849978049458,23.76505614226972,0.0,24.252600578896438
837,37.08038886322517,30.630689494255037,49.09368062161632,45.57308724910521,0.0,32.59369915801344
838,29.33583124416512,39.21981200473388,22.787033030815124,13.640351327243522,28.441429761732877,0.0
839,31.409211028188277,40.512933621029,33.91436564596976,19.868429464450323,36.20978359076948,0.0
840,51.20091119211057,24.20060146565984,34.08961307158428,30.98617982571436,0.0,35.631759522462325
841,37.861367157963606,32.7176692254298,43.96233491409088,37.194623799302526,0.0,0.0
842,40.99280132488384,51.314391297430284,30.89824591446188,16.793356302512883,0.0,39.91984536029308
843,41.554005438720246,36.31184048727436,46.10535797190748,34.162832350188395,0.0,0.0
844,36.2154885398358,44.787997272141524,46.77994892296052,17.06327489505676,39.574398389848554,32.08570263546105
845,48.81823697549108,19.5473825775216,39.488668034026766,45.22125120707244,0.0,0.0
846,32.59853986058964,30.33121986701476,41.87772100605188,34.605438851153956,0.0,0.0
847,28.613931634901718,46.66344886387764,39.13104855140992,17.52724303307084,0.0,32.817310202105844
848,38.72073297593575,57.77040914807521,46.40820198884204,13.63744927848348,33.72397689074144,0.0
849,29.110004061256884,44.429687239471676,36.47376343416488,26.25411322318336,0.0,36.98734199613089
850,39.841995406705806,42.32945201551304,31.795842940106677,21.459679942798,0.0,35.63998492486472
851,44.07418517396968,62.25268126145211,38.395682170982916,19.111495861549,0.0,29.051999693580242
852,54.09128915299692,43.69418861534892,48.99257762600983,36.037030107766284,0.0,43.05630440261245
853,49.552212496430606,43.96968632024264,29.643823495606558,57.96796750706764,0.0,49.61112082504688
854,38.53217074144004,41.21371265122572,54.49797369731952,38.57277905450288,0.0,41.1425013230226
855,27.14198086380884,39.2856731695872,42.728419178743714,17.48749081957496,0.0,37.20843987722228
856,41.12362003679885,43.55032451221901,36.55566572352296,25.375458553990764,42.81185006442636,36.99966493322096
857,40.537685483027516,56.08831605815945,44.56725793458964,39.554942094121,0.0,45.649921047035726
858,40.3470842285404,32.64315554307096,51.110639998087684,12.377414107941641,0.0,29.591461552587838
859,37.0952533699124,46.842907630982964,33.59761368276752,36.3619777197446,0.0,0.0
860,42.751828519879524,36.64371954765947,39.7989070559718,51.304092860370766,0.0,45.70780480876448
861,27.012553549891315,31.238622329907923,35.30580306375056,12.07316139227328,45.19173905857032,0.0
862,50.367549773041276,50.25668278718348,40.39841310213369,30.253552175751842,0.0,39.744612035466005
863,52.87861382201948,35.48655134985748,49.282468292818685,37.11228167745888,0.0,0.0
864,35.30953706560416,40.24186790983004,29.387970992480163,35.12309194465768,0.0,0.0
865,38.02886060906896,40.783010746218565,41.615689346062446,27.212642116741165,24.41463466989528,0.0
866,44.44676045558565,42.173557528449166,29.22578205742708,46.2089869503996,0.0,44.114316467553046
867,34.88152119317872,38.12303132001787,47.86050727161493,26.74095980488656,0.0,35.92080426510016
868,31.0037721151054,40.443482984745884,34.258531787737276,16.5601365612586,0.0,44.6864063001944
869,39.92451288971624,38.612244759485996,21.870355128906763,17.085261325359642,0.0,41.47299846027005
870,43.38923897713876,32.01195854935912,35.27948676247892,22.22181842911596,22.24476305375824,44.69620367254704
871,43.63866613989779,39.609617302469125,36.12979258500524,33.66427043664096,0.0,44.60601441035164
872,48.96526537317112,40.88578072422,26.31945384516624,49.07473801887872,0.0,0.0
873,50.90003892697521,39.1107811178098,32.575305421656566,20.032765072093362,0.0,43.455132500597834
874,38.97622664746288,32.3695621199124,35.6534062245806,19.661297077928282,0.0,44.210435567006165
875,39.924684510396126,47.894638062240645,46.957017440491285,45.190771801845365,0.0,50.300336019691564
876,42.69151130470712,36.61831122085009,42.50243426589684,22.49599090229152,0.0,40.598492936721804
877,42.079703701975916,44.67518356394048,58.1863499398176,23.05246583395332,25.16574610731968,0.0
878,52.40451274038884,30.517357301308202,55.62021738073516,43.037564136209525,0.0,0.0
879,26.527402493026276,32.89428312052192,44.66688826558216,30.2300234198712,0.0,0.0
880,52.54931254618368,40.29171152185525,31.010808798024524,20.9343738697262,29.796447508282604,0.0
881,41.75516896021468,31.12546103398448,40.7661947404384,21.65682987901364,0.0,37.58847632064252
882,56.00210219458437,34.70347948650228,50.05612725541284,55.15944151585709,0.0,30.25812138452088
883,47.18201146196828,47.495758661358444,31.281623060374763,18.25988590647272,33.90449355364876,0.0
884,28.739626040028522,41.33622417164424,34.012137281403845,28.783608161607923,0.0,42.98467437950776
885,38.01030799072612,56.48027083988541,55.88827717423099,39.23818233663584,0.0,44.813301155124485
886,32.23433130609252,46.73427150859501,44.22267314095249,31.778909857398595,0.0,37.82124657564644
887,65.74673872546785,49.61671755990524,31.707995564091885,46.34315238764984,0.0,42.31035316328244
888,38.113691400603955,53.86031315330364,39.29139039670656,32.33349514576216,0.0,0.0
889,39.7515855502942,41.383334302692646,35.231336090819646,32.595891025152405,0.0,44.927982591296
890,47.96918479680096,30.329129387376724,34.931766874948124,49.413698939314756,0.0,0.0
891,23.469170576958042,48.7697804645464,34.985736558155956,21.19858921818648,0.0,39.24699948633624
892,36.04942539957492,41.171073450995245,43.570259939213315,20.918765813892282,46.66963704889092,0.0
893,51.03524574453069,37.083541483707606,38.74229315046605,35.64430936720152,0.0,41.16713175466628
894,31.160369893273398,36.01007143150648,46.95513226072029,6.6007941265454,0.0,47.550744402565634
895,41.79007511325396,21.828719813381802,48.37675098557068,32.00328296322388,0.0,0.0
896,34.7673820069854,32.51437559249408,39.38352805879843,10.848969714846723,44.620562502121395,45.198261183006124
897,58.01007477424509,36.367871883870286,25.824944330037034,50.17245315938253,0.0,41.7607383825344
898,35.94905571343764,52.98891905482756,39.51277384976336,49.325307676271926,0.0,40.82295369529885
899,44.75988428616584,32.14720310288292,39.386112601075766,25.012410864524803,0.0,34.85194591809592
900,29.669035498009876,28.306377656963043,21.209146423566683,32.108109423521725,0.0,0.0
901,45.8008087911308,49.2282727566538,40.07833116040673,25.930541122778877,32.6576331034822,0.0
902,44.247808141392525,42.4999132670272,37.64946813223128,16.42657576890124,0.0,50.10567928673404
903,38.10351711718352,45.05150394778644,51.70559574906712,38.63317649390972,0.0,0.0
904,43.78337751847285,33.94348615935272,40.67382541614908,27.657383253396922,30.906294335846678,0.0
905,32.77979471069704,45.41815015192588,20.185358530145162,29.47256596771916,0.0,0.0
906,48.89878728437284,25.214548314269518,41.08606644606032,19.8449495230322,0.0,35.693440257043804
907,23.912980970358323,38.012229777738604,51.65138890702976,30.48296856752436,0.0,44.48721183233464
908,42.750888402565124,35.50005316592164,32.3778883985976,15.10497222008296,0.0,30.74434361985349
909,50.09395061103892,21.12434684793028,52.682465761195765,20.059341292847883,33.628272414304604,0.0
910,40.027827198120605,48.440809919541046,40.162777219161086,33.2948000569126,0.0,0.0
911,21.03412264696496,44.67153207302492,41.1336455537576,37.39662036771224,0.0,0.0
912,41.67846681116837,38.874779233815005,53.687107109905675,24.57521200842176,0.0,46.82304390894508
913,44.59610572604692,39.416014452434325,42.169399070184845,37.47972720950984,0.0,0.0
914,36.1725137475642,40.93510757570928,56.87994435112049,45.69379836563024,0.0,0.0
915,48.963823271257525,44.11233988826517,40.477675722553194,31.418012338980684,32.4022846155052,52.7900736234856
916,40.55130081623201,30.697166403012922,46.90830439993472,44.26139238135616,0.0,47.1900533774238
917,47.99327446089311,36.3994765731604,32.36857073825716,27.2816828168244,0.0,0.0
918,43.36585800453092,43.20437782475644,46.86018706726864,24.911116865087763,29.717772896227757,0.0
919,37.16961494980596,56.58968224748636,42.2000485954094,36.496412051834405,0.0,45.1104521450668
920,41.69281429120416,44.94724708501304,23.7767669974346,40.29988920851712,0.0,0.0
921,35.692423774156076,44.52768140098856,40.60699338377316,47.857490626724044,0.0,0.0
922,49.626160545515795,51.94454875786641,32.639313364787604,29.842013024235275,0.0,29.520509523631883
923,33.77622007596101,29.17430478635128,28.622004139247124,17.2310806247538,56.04649186046268,0.0
924,45.267371218221484,47.42696777629013,46.112273234761844,53.89414963329072,0.0,30.378079824889003
925,41.204346538287886,35.1563959860396,37.79678020687024,24.1304889736392,0.0,50.64464291475097
926,53.38215800276116,42.954275737802284,36.74598154020909,32.95540070004688,33.54783801913837,45.23396859021856
927,42.9730000250302,50.151287523144525,29.15046939754256,17.716100145433245,0.0,33.53913897345028
928,40.564279133769595,31.438576641857203,35.2982810502922,32.86580572585148,0.0,30.216879756503438
929,38.062195633815044,42.280896729813,36.92858185855588,24.20370224927968,28.513627358024085,29.722880880938764
930,51.01382874712444,42.0542930808636,59.898439721347486,16.94352385617756,0.0,53.70324212970332
931,40.0922164759822,39.16128038815708,41.39605058288392,30.12413089663508,0.0,43.42144495630412
932,46.042777844350205,27.412768359141204,55.78020110092224,46.36040411060132,0.0,0.0
933,33.599756154761884,28.953683267633203,34.582221769465235,18.232350574784164,34.799748188725445,42.215713883632155
934,42.35088838322925,41.64961442267632,38.562640482015006,44.511580746884086,0.0,0.0
935,28.236211941881876,51.90211815661316,35.07914838682436,27.585320761075277,0.0,0.0
936,31.988574528603163,45.339910466088085,40.523374185710765,13.260726907505441,33.452432293013565,0.0
937,36.52951233422016,55.57350045805076,43.897639925481805,14.39348745181564,0.0,38.61403211401504
938,51.92237817017824,28.057756278144364,52.89601827943755,24.479043100594644,0.0,45.24171294090148
939,39.9584881083896,39.63016208872876,48.834930793598275,36.78481734108904,0.0,31.081580129004916
940,55.31177258800937,42.63774182096656,50.541742085507,49.322123514097406,0.0,0.0
941,35.695705973136235,48.33963886074149,47.98706317389436,10.49341420190032,40.169710698486675,33.97905735643925
942,33.111324558069995,35.01644474561164,39.15234417230764,29.436497002906997,0.0,0.0
943,47.45401417629497,35.9494969058196,37.82654524399772,44.305201843649805,0.0,33.36522442311948
944,38.29295698320424,32.85195687055104,28.572328379300522,31.468037235676515,0.0,0.0
945,51.17748771925669,24.048423107874562,44.50465701787516,21.22499255582172,0.0,47.828032188413125
946,49.57489462687164,43.67064211733856,26.837177766701593,24.5581838284592,0.0,36.089907658278804
947,44.315264068489725,39.12467402924332,30.01826612185684,26.995549990001,0.0,22.271765488031523
948,33.835386292393764,40.62613436466216,29.59794673801788,15.71119355326904,0.0,33.472808992592284
949,44.86871122941448,34.51247244224048,40.206239348214886,40.32701882350116,0.0,55.57755678519436
950,37.545377699856,26.576998450495164,50.11428074393016,40.337389084102284,0.0,39.78735912211756
951,32.108029900980405,61.89624947205608,27.75804149142136,19.84011697260368,0.0,36.802988346770164
952,52.970412710636886,41.68411934732708,49.938227708026844,47.79492203870104,0.0,0.0
953,38.60830775117496,37.6496350702032,30.348178256953716,21.392818009847282,0.0,47.558774836793084
954,35.48704237893833,29.72454693715964,47.92856262165304,19.1224910646448,0.0,34.14273878112884
955,39.17353271030896,22.88893895635156,45.387199987255755,25.64534379046604,25.04471592885412,32.18352474632105
956,51.403082160008836,29.8188903696338,24.964322595488646,27.57514807854424,45.47856959650824,45.82064966598332
957,29.495340209803445,42.82798076050505,49.19520278387408,31.637130964046843,0.0,0.0
958,40.84331964975744,34.92053809021013,44.0606300650526,16.66800044177288,33.80589684043124,51.32487750384912
959,42.58670708820021,40.30274864584557,33.978990575866966,18.13352647088784,0.0,41.172916398429805
960,35.597661155318,52.37845908230436,30.128597743980322,45.56671740338576,0.0,0.0
961,36.37773048239416,53.038567869301765,32.574256705377515,15.847945870410882,32.1221983848738,0.0
962,41.091576409673564,50.09591387457532,50.254393516041965,29.126971839167044,0.0,28.823584340284803
963,54.58077374196648,46.51200512306076,31.4044195669676,52.448286853147195,0.0,38.5019611441838
964,38.361128709111284,33.02737814978736,31.369163011596445,52.498722442032445,0.0,0.0
965,42.28512963963929,36.51434800620072,50.77689398577624,28.729249026182803,0.0,0.0
966,22.41531529984984,31.043468403137002,39.526228626193635,4.63456513558648,0.0,31.27545747371888
967,42.536304800260325,40.52340379746416,39.001714319476,33.71096015220796,0.0,0.0
968,34.28773189784268,41.08419794098816,48.360960798509154,24.538459629132525,0.0,0.0
969,39.524581132700604,34.664156883819444,39.72766650772304,12.493806232862642,0.0,47.56027495314788
970,43.16124542397604,43.661191348348325,39.86430944629793,18.632645628619045,20.87549165238568,0.0
971,34.6940487236446,42.020721295740245,20.521302264920163,24.754921208741283,0.0,44.537935580953885
972,48.94470043384808,40.624725401351554,48.99454052196964,47.757932754148804,0.0,42.01635473558812
973,46.375472447460446,35.352152253011205,19.0653626684888,16.32402847231044,0.0,41.253142766293244
974,39.013979172599484,41.05376457512227,16.806976445212882,28.520370444489924,0.0,25.515926410218515
975,53.278321623764924,32.38923011301572,43.29779652065244,55.193309662690204,0.0,48.40771558703049
976,47.38681031070528,41.35761724717276,24.97065760463836,34.50147056441487,0.0,0.0
977,42.118804447166,45.76564207284412,34.500208328836926,43.73008387188092,0.0,56.061332841246404
978,39.61741952793568,44.950396940719685,33.6416228979224,34.684226773755555,0.0,45.0006959523744
979,52.50136701809549,47.37022388449432,45.902548529173316,47.6426382885302,0.0,32.05941621588168
980,35.81945510188008,36.58295615514072,55.251593747656756,43.92898910281604,0.0,0.0
981,43.74900176917716,47.6247989659912,39.531347579057794,28.293465479563164,0.0,51.19590292177808
982,51.739511829366926,42.643650999614444,42.972874008519,49.37288883341261,0.0,0.0
983,48.15770929043476,50.62460791448533,47.94366749043464,39.94271443950051,0.0,49.121730571006005
984,39.28738846393757,25.215659372002165,36.20415412407344,45.807299248005165,0.0,33.24595937670104
985,47.757141527451246,47.011389016802205,34.84834613512409,40.817094369908965,0.0,0.0
986,35.164473560219115,41.92099671073588,48.89649846576272,7.873384727077159,39.33401886524513,0.0
987,42.13532191922245,39.233458870829566,24.15785801252372,31.206599375005723,0.0,0.0
988,35.91774750149996,38.02311837520276,39.52165764225568,34.74010857735844,0.0,46.014452009502406
989,39.21911823277044,40.61152778832315,34.02277530411524,22.91324777602084,0.0,40.1781481617106
990,32.6765854216772,42.81907611574496,26.858154503139282,36.891524736563284,0.0,0.0
991,43.57618267901352,26.531913563326565,35.22804779196745,17.77671008708576,0.0,29.913044590226562
992,52.06398356183677,40.6981655015328,49.468969911602926,32.99283794136128,0.0,35.90342253654445
993,39.52540543138448,29.402573522029723,38.78921646838393,22.943732550317158,0.0,0.0
994,21.454626359365044,44.35402961129604,50.9725500353938,28.78358270932704,0.0,0.0
995,43.90697609703872,46.883744511157644,49.13081684014856,34.07248503376896,0.0,0.0
996,34.439559235011764,50.23831950570704,32.922805140891356,37.4942258695196,0.0,0.0
997,37.0557161591226,35.174897669550646,39.945575726483604,19.7574533657984,0.0,53.19619447433348
998,37.509587853401804,49.16069417876524,25.536618546640483,29.389002438970724,0.0,45.4498726184838
999,49.63652198022424,41.89539552658981,31.129240161523885,30.2943884912746,0.0,33.24427344407912
1000,33.263430650780045,36.97591515565756,0.0,18.579374186451204,0.0,0.0
